Razón Social,Margen EBIT,Carga financiera,Margen neto,CxC,CxP,Solvencia,Apalancamiento,En Reorganización
AACER SAS,0.071690026,0,0.042876,0.104095,0.153192,1.877078,1.642505,0
ABARROTES EL ROMPOY SAS,0.017815839,0,0.010767,0.018414,0,0,0.865044,0
ABASTECIMIENTOS INDUSTRIALES SAS,0.144646325,0.054226,0.059784,0.227215,0.025591,1.077412,1.272299,0
ACME LEON PLASTICOS SAS,0.004465014,0,-0.013995,0.073186,0.127866,0,1.391645,0
ADVANCED PRODUCTS COLOMBIA SAS,0.141828986,0.05081,0.053776,0.398755,0.147678,0.675073,2.118774,0
AEI CONSTRUCTORES SAS,-0.010578138,0,0.00059,0.389636,0.012342,-0.003974,0.430969,0
AGROBOL S.A.S. BIC fabricación de plaguicidas y otros productos de uso agropecuario y su transformación que busca tener soluciones integrales para el campofabricación de plaguicidas y otros productos de uso agropecuario y su transformación que busca tener soluciones integrales para el campo C2229 - Fabricación de artículos de plástico n.c.p. 01. ANUAL 2008-01-21  ACTIVA 08. SOCIEDAD POR ACCIONES SIMPLIFICADA SAS 07. ACTIVIDAD ECONÓMICA DIFERENTE A LAS ANTERIORES,0.060096222,0,0.067001,0.309923,0.087599,0.643787,2.608251,0
AGROGANADERA MONTENEGRO S.A.,0.105435099,0.052469,0.026742,0.072367,0.060135,0.339372,1.387804,0
AGROPECUARIA NUEVA DEL ORIENTE,0.023794882,0.021462,0.002715,0.101501,0.249638,0.1307,0.060215,0
AGUA Y AMBIENTE INTERNACIONAL SAS,0.207236544,0,0.130266,0.263506,0.037031,0,1.675884,0
AIR FLOW SAS,0.085540504,0.040191,0.019258,0.391993,0.197809,1.325146,1.524221,0
AKIRA CINE LTDA,0.019634944,0,0.005231,0.132576,0.156449,0,0.664202,0
ALGRAFHER SAS,0.061749541,0.037805,0.021924,0.425312,0.051713,0.262503,2.138922,0
ALIANZA M&G SA,0.058610576,0.012867,0.028837,0.159203,0.245165,0,0.726567,0
ALIANZA Y PROGRESO SAS,0.084126283,0.031946,0.030498,0.129117,0.020256,0.492105,2.599451,0
ALLTECH DE COLOMBIA LTDA,0.067030045,0.059026,-0.013488,0.221108,0.034428,0,0.555471,0
ALMACEN OLIMPICO SAS,0.050654723,0,0.032926,0.012148,0.106813,0,1.434458,0
ALMACENES FULLER SAS,0.045229542,0.008182,0.022266,0.06051,0.075352,0,0.557734,0
ALMACENES TRAVESURAS SAS,0.046188893,0.026426,0.025292,0.051534,0.133348,0,2.258154,0
ALMETALCO SAS,0.078466017,0.048417,0.033441,0.297673,0.030991,0.523961,1.221074,0
ANFER INGENIERIA SAS,0.045851353,0.033154,0.044955,0.07184,0.023657,1.167342,2.75638,0
ARZAK Y CIA SAS,0.113674332,0.013334,0.054783,0,0.025857,0,2.756538,0
AUDUBON COLOMBIA LLC SUCURSAL COLOMBIANA,0.033465334,0,0.027619,0.308214,0.007656,0,3.540019,0
AUTOMATED TRANSACTIONS SAS,0.137407409,0.052817,0.057344,0.037673,0.122509,0,2.446083,0
AVILA WAGNER SAS,0.01575774,0,0.006146,0.18036,0.177884,0.103406,0.221829,0
Alimentos Enriko SAS,0.123661105,0.029408,0.058836,0.079298,0.157863,0.842611,0.675837,0
Arquicentro del Prado S.A..,0.004389271,0,0.002022,0.365891,0.027422,0,1.170998,0
B. ALTMAN & COMPAÑIA SAS,0.127438319,0.02901,0.068814,0.248643,0.160792,1.889827,1.326806,0
BELLAVISTA COAL SAS,0.004897563,0.003509,-0.010222,0.031104,0.01138,2.259408,1.810771,0
BELLTEC SAS,0.048416524,0.011696,0.022228,0.021322,0.098672,1.373692,0.915134,0
BPM CONSULTING SAS BUSINESS PROCESS MANAGEMENT CONSULTING SAS,0.049854572,0.036577,0.005065,0.204218,0.011618,0.382813,0.254534,0
BRILLAEO SAS,0.037039621,0.014655,0.013682,0.255047,0.091334,0.625714,0.872535,0
C B INTERNACIONAL S.A.,0.07966915,0,0.050298,0.040301,0.069621,0,1.49484,0
CAFE DEVOCION LTDA,0.073318345,0.009469,0.038695,0.126538,0.082721,0.469808,0.951446,0
CAMPOALTO ACESALUD S.A.S.,0.026633808,0,0.017312,0.215361,0.029585,2.011816,1.187687,0
CANGURO INTERNATIONAL SAS,0.042996723,0.025971,0.002453,0.47361,0.320561,0.282969,1.725413,0
CARACOLITOS SAS,0.050520875,0.024288,0.028689,0.062602,0.080483,1.079786,2.087862,0
CARBONES INDUSTRIALES COLOMBIANOS EU,0.03481452,0,0.021288,0.334293,0.248504,0.294047,1.245885,0
CASABURALGO SAS,-0.006160386,0,-0.00616,0.06052,0.101348,-0.077016,1.390898,0
CASTOR DATA SAS,0.007280199,0,0.000104,0.077754,0.159291,0.148899,0.561339,0
CEDIALCO,0.028689647,0.009174,0.011691,0.048815,0.052783,0.385347,0.171686,0
CHATARRERIA OPITA SAS,0.040190812,0,0.040191,0.024402,0.163783,0.310582,1.467342,0
CLUB DEPORTIVO LOS CAIMANES DE BARRANQUILA S.A.,-0.005876709,0,-0.039916,0.279236,0.048707,-0.039822,0.434506,0
CLUB HOUSE BOGOTA SAS,0.05528719,0.052453,0.000568,0.278391,0.152045,0.380182,0.141839,0
CODELIN SAS,0.07678467,0.058878,0.013357,0.322027,0.148898,0.326188,2.532761,0
CODINTER SAS,0.06926793,0.045816,0.008101,0.217397,0.113605,0.193496,0.571343,0
COINOBRAS SAS,0.061231573,0,0.036698,0.321142,0.081345,0.321775,1.490399,0
COLCADENAS LTDA,0.19891018,0.001514,0.130454,0.113691,0.080412,0,3.814592,0
COMERCIALIZADORA BAGICOL SA,0.107460814,0.008341,0.08177,0.22557,0.161803,2.35766,2.802492,0
COMERCIALIZADORA DE BIENES SAS,0.179914352,0.003178,0.111143,0.33265,0.011364,0,3.160366,0
COMERCIALIZADORA DERIVADOS CARNICOS S.A.S.,0.052614249,0.030484,0.01112,0.099143,0.05855,0.430041,0.479155,0
COMERCIALIZADORA DIVANTOQUE SAS,0.05823671,0.024542,0.030337,0.031421,0.018,0.247393,0.742072,0
COMERCIALIZADORA DON JIMMY SAS,0.024932872,0.001465,0.015078,0.035784,0.074417,0.243882,0.295272,0
COMERCIALIZADORA LA COSECHA SAS,0.016750607,0.007124,0.005466,0.161697,0.114011,0.703589,0.590747,0
COMERCIALIZADORA PIE DE LA POPA S.A.,0.007163681,0.002033,0.003511,0.142323,0.048631,0.0279,1.359598,0
COMERCIALIZADORA PUNTO INDUSTRIAL Y AGRIPECUARIO SAS,0.05391621,0.019182,0.022635,0.136311,0.164292,0.708351,0.699072,0
COMERCIALIZADORA SUOER AGROMARES SAS,0.047132194,0,0.047132,0.309876,0.064367,0.046674,0.120827,0
COMERCIALIZADORA TEXACO DEL SUR SAS,0.061433714,0.023039,0.036905,0.18114,0.146141,1.284121,2.774858,0
COMERCIALIZADORA ZOE SAS,0.074227846,0,0.074228,0.354704,0.16344,1.157202,1.365073,0
COMPAÑI AGRICOLA Y GANADERA LA BONANZA SAS,0.095363107,0,0.04443,0.051485,0.200269,0,0.544989,0
COMPAÑIA  DE VIGILANCIA LOS LIBERTADORES,0.035279571,0,0.03528,0.197529,0.001422,0,0.749798,0
COMPAÑIA COMERCIAL UNIVERSAL SAS,0.102798131,0.042482,0.033126,0.087129,0.14723,0.711581,0.709901,0
COMPAÑIA DISTRIBUIDORA DE COMBUSTRIBLES DE OCCIDENTE SAS,0.007141364,0,0.005866,0.01598,0.032983,1.49969,0.22418,0
COMPAÑIA INTERAMERICANA DE SEGURIDAD Y SERVICIOS LTDA,0.120716908,0.008192,0.098764,0.162195,0.050386,0,3.965,0
CONCRETOS DE LA COSTA SAS,0.079506518,0.005442,0.047348,0.226328,0.083153,0.240508,0.345793,0
CONSORCIO INTERNACIONAL DE SOLUCIONES INTEGRALES SAS BIC,0.045416971,0.015857,0.01896,0.066135,0.040536,0.377244,0.671996,0
CONSTRUCCIONES AR & S SAS,0.027866667,0,0.016784,0.206514,0.332854,0.082399,2.054193,0
CONSTRUCCIONES TORRES DILUGANO SAS,-0.017039205,0,-0.051076,0.277681,0.32136,0,0.796284,0
CONSTRUCCIONES Y VIAS E.U,0.13158966,0.027824,0.070311,0.000018,0.003956,1.033009,1.64744,0
CONSTRUCTORA SARA LIMITADA,-0.02920997,0,-0.042719,0.110542,0.312084,0,0.58401,0
CONTACTO SOLUTIONS SAS,0.034396805,0,0.028024,0.297107,0.038937,0.339541,0.148212,0
CONTEIN SAS,0.086007708,0.000423,0.053861,0.197468,0.017774,0.246199,0.704629,0
COSMETIC FASHION CORPORATION SA,0.173548352,0.028524,0.093218,0.327255,0.152158,1.757828,1.553538,0
COSMOFLOWER S.A.S.,0.018488852,0.005134,0.034764,0.223652,0.08858,0.501894,1.276341,0
CROYDON COLOMBIA SA,0.085285389,0.026199,0.038788,0.1123,0.074196,1.033454,0.841933,0
Clarke Modet & Co Colombia S.A.S.,0.121921593,0,0.064896,0.409835,0.327427,0,0.156324,0
Colproplas SAS,0.054698457,0.017194,0.014425,0.232077,0.232823,0.992466,1.082231,0
Conyca Soluciones SAS,0.081465624,0.008258,0.056884,0.216061,0.020815,1.15648,1.490035,0
DESCOCO S.A.,0.185703176,0.01871,0.118085,0.020261,0.214276,0,2.43327,0
DICO EXHIBICION Y DISEÑO COMERCIAL SAS,-0.003144482,0,-0.003144,0.23613,0.09924,-0.147072,1.326424,0
DISCOLACTEOS S.A.S.,0.00376417,0.001236,0.000886,0.008527,0.042726,0,1.628798,0
DISEÑOS Y CONSTRUCCIONES DYCO SAS,0.034316995,0,0.027087,0.408942,0.190969,0.051654,0.146395,0
DISPETROCOM SAS,0.016988789,0.006311,0.005453,0.125154,0.163495,0.766887,0.160705,0
DISPROQOL SAS,-0.007049442,0,0.006832,0.23152,0.295533,-0.056809,0.871448,0
DISTRIAVICOLA LTDA,0.041738397,0,0.025607,0.266735,0.246195,0,0.730297,0
DISTRIBUCIONES ANTIOQUIA SAS,0.040571321,0.003223,0.023864,0.098981,0.114172,0,0.479557,0
DISTRIBUCIONES DIAZ RAMOS S.A.S.,0.047216598,0.005516,0.028349,0.075517,0.054232,2.39759,2.481902,0
DISTRIBUIDORA COLOMBIANA DE SENTIMIENTOS DE BELLEZA S.A.S.,0.019379767,0,0.010114,0.070966,0.040894,0,1.128894,0
DISTRIBUIDORA DE  COMBUSTIBLES EL SOL S.A.S.,0.020360921,0,0.017161,0.034066,0.042846,0.903967,2.625081,0
DISTRIBUIDORA DE HIDROCARBUROS DE COLOMBIA SAS,0.007008595,0.000597,0.005174,0.002239,0.015308,0,0.649388,0
DISTRIBUIDORA DE LLANTAS PARA COLOMBIA DILLANCOL SA,0.099150985,0.032187,0.056315,0.290676,0.173724,0.59231,0.722744,0
DISTRIBUIDORA DE PRODUCTOS Y MEDICAMENTOS ANESTESICOS LTDADISTRIBUIDORA DE PRODUCTOS Y MEDICAMENTOS ANESTESICOS LTDA,0.155447166,0.052198,0.071115,0.248744,0.045193,0.561192,0.849919,0
DISTRIBUIDORA DE TIENDAS SAS,3.99696E-05,0.006287,-0.004416,0.025911,0.021683,0.001182,0.539514,0
DISTRIBUIDORA LIQPARR S.A.S,0.009640274,0.008376,0.000172,0.022789,0.079167,0.128338,0.252213,0
DISTRIBUIDORA PEVEGAL SAS,0.039330801,0,0.037805,0.110266,0.127841,2.175403,1.879818,0
DISTRIENDAS DEL EJE CAFETERO SAS,0.027425775,0.018942,0.0062,0.038965,0.071416,0.782284,0.561691,0
DISTRIMARKS DE COLOMBIA SAS,0.013992807,0,0.006914,0.02449,0.00855,0.775933,1.222852,0
DISTRISAGI SAS,-0.027447856,0,-0.015532,0.1577,0.164185,-0.295699,0.159614,0
DISTRIYA LTDA,0.003471777,0,0.000759,0.105918,0.11734,0.048699,0.168416,0
DOTACIONES HERMANOS LONDOÑO GOMEZ SAS BIC,0.099548047,0.001686,0.067221,0.165029,0.091879,0,2.754376,0
DRINKS DE COLOMBIA SAS,0.14499,0.019329,0.080778,0.087058,0.185098,1.60991,0.934228,0
DUPLA LEGAL SAS,0.183479994,0.048302,0.080448,0.465437,0.032363,2.034345,1.391038,0
EL ARQUITECTO MATERIALES PARA CONSTRUCCION S.A.,0.003123784,0,0.000237,0.097161,0.070513,0.031629,0.260761,0
EL CORTE DEL SUR PELUQUERIA SAS,0.062576683,0,0.024074,0.137915,0.150268,0.503467,0.626346,0
ELASTOMEROS Y PLASTICOS CONTRERAS Y DE CONTRERAS LTDA,0.133263601,0.018274,0.069836,0.211661,0.101676,1.832179,2.590166,0
EMPRESA DE SERVICIO SAN MARCEL SAS,0.013322332,0,0.007526,0.017935,0.029326,0,2.806155,0
ENERGYZA DEL CARIBE SAS,0.10625743,0.011542,0.061565,0.348933,0.082319,1.116006,2.202213,0
EPAYCO.COM SAS,-0.023631722,0.020621,-0.022879,0.137782,0.024504,-0.041508,0.06425,0
ERGOS COLLECTION SAS,-0.045333446,0.006353,0.086555,0.029744,0.175864,-0.573838,1.143711,0
ESTACION DE SERVICIO CENTENARIO SA,0.008840432,0.002544,0.005217,0.022023,0.039082,0,3.388693,0
EVENTOS Y DESARROLLO SAS,0.074557063,0,0.044504,0.330833,0.203265,2.638218,0.63289,0
EXSIS DIGITAL SAS,0.093187883,0,0.057117,0.112465,0.000559,1.012787,0.537573,0
FABRICACION Y DISTRIBUCION MARINA  ABRICACION Y DISTRIBUCION MARINA,0.041486573,0.005722,0.022711,0.09478,0.330649,0.336133,0.923933,0
FABRIFARMA SAS,-0.008527547,0.02235,-0.030859,0.217842,0.130367,-0.03007,1.507609,0
FANTASIA ELECTRONICA S.A.S.,0.055730941,0.028922,0.016649,0.403227,0.269497,0.431415,1.050975,0
FARO TRILLADORA DE CAFE SAS,0.009708213,0,0.009708,0.055202,0.008273,0.086883,0.29687,0
FELDA S.A.,0.024856488,0.001609,0.022353,0.109224,0.028465,2.227692,3.109545,0
FERCO SAS FERRETERIA Y CONSTRUCCION,0.054200993,0.021562,0.016604,0.079422,0.061482,0.307225,1.366938,0
FERRETERIA EL HIDRANTE S.A.,0.190058059,0.00069,0.112529,0.080705,0.012416,0,3.870765,0
FERROELECTRICOS MEDELLIN SAS,0.044393418,0.01148,0.021523,0.117263,0.054635,0.482799,2.102969,0
FRENIRODAMIENTOS LTDA.|,0.046911938,0,0.030493,0.261051,0.210079,0,1.397868,0
GADIER SISTEMAS PROFESIONALES DE INFORMACION LTDA,0.069932419,0.012475,0.036983,0.15031,0.031634,1.025776,2.564948,0
GALILEO INSTRUMENTS SAS,0.188995906,0,0.122847,0.360545,0.14141,2.28946,1.186607,0
GAS VEHICULAR COMPRIMIDO DE COLOMBIA S A S LA CUAL TAMBIEN SE PODRA DENOMINAR G V C TORO GAS S A S,0.007518902,0.005024,0.002498,0.020185,0.061818,0.980743,2.798427,0
GEOCOL CONSULTORES S.A.,0.071325207,0.029339,0.025775,0.236613,0.058476,0.588879,1.052903,0
GIRALDO & SALAZAR ARQUITECTOS LTDA,0.04282683,0,0.020787,0.160946,0.034484,0.978948,0.740315,0
GLOBAL INDUSTRIAL SAS,0.090935263,0,0.059108,0.087896,0.000795,2.708169,1.941048,0
GPRS DISTRIBUCIONES SAS,-0.01302891,0.001928,-0.002177,0.005457,0.037789,0,0.117028,0
GRUPALCO S.A.S.,0.025231461,0,0.018105,0.044834,0.037131,0.781243,0.708747,0
GRUPO BOLIVARIANA SAS,0.094625661,0,0.094626,0.08005,0.096893,0,4.237083,0
GRUPO INDUSTRIAL EL TREBOL SAS,0.052159332,0,0.019089,0.368741,0.040641,2.041386,2.590737,0
GRUPO MANSION SAS,0.039392933,0.011472,0.011181,0.07851,0.201086,0,0.47349,0
GRUPO SAMSARA SAS,0.041002012,0,0.020444,0.105037,0.096012,0.713494,1.39142,0
HESEGO INGENIERIA SAS,0.153588785,0.030492,0.084147,0.191464,0.037884,0.846714,0.667142,0
HEXXA SAS,0.088850556,0.008334,0.090951,0.006108,0.004293,0.046827,3.605758,0
HIGIELECTRONIX SAS,0.1215816,0.055793,0.053022,0.131242,0.070345,1.105739,1.034131,0
HORTIFRESCO VILLA LEOVI SAS,0.020468332,0,0.012204,0.060503,0.107254,0,0.562177,0
IES INGENIEROS SAS,0.124629187,0.026141,0.063309,0.348623,0.030647,1.664766,1.224745,0
IMPORTADORA ANDINA DE REPUESTOS SAS,0.142122247,0,0.090643,0.125676,0.338119,0,0.612683,0
IMPORTADORA GRAN ANDINA SAS,-0.041039511,0,-0.04104,0.153333,0.199516,-0.311056,2.221277,0
INCOMELEC SAS,0.007700608,0,0.007701,0.539731,0.136824,0,0.546642,0
INDUSTRIA DE ALIMENTOS TROPICAL CHIPS SAS,0.075998469,0.050482,0.007317,0.327451,0.083054,0.129181,0.21129,0
INDUSTRIA THE FANCY CAKE LTDA,0.041126575,0.035858,0.016714,0.021597,0.165574,0.980645,1.666528,0
INDUSTRIAS CENTRALES DEL ACERO S.A. INDUACERO S.A.,0.229044707,0.003424,0.109349,0.550946,0.066588,0,2.126673,0
INFORMACION Y TECNOLOGIA SAS,0.026603984,0,0.002452,0.104729,0.047416,0.433627,2.191651,0
INGENIERIA E INVERSIONES INDUSTRIALES SAS,0.073375645,0,0.047805,0.152801,0.052368,0.290985,0.483324,0
INGENIERIA Y TELECOMUNICACIONES SAS ,0.114695475,0.048896,0.039339,0.482362,0.069147,0.550519,0.813226,0
INSTRUIMOS S.A.S,-0.0346937,0,-0.04639,0.073253,0.055123,-0.048591,-0.258399,0
INTERLIFT SAS,0.086315965,0.014037,0.038006,0.311268,0.061716,1.680703,0.128694,0
INTRAMEDICA SOCIEDAD POR ACCIONES SIMPLIFICADA,0.166311118,0.005024,0.102166,0.299509,0.161664,0,1.214074,0
INTRICON SA,0.080980736,0.015865,0.049428,0.438299,0.001583,0.320358,0.910286,0
INVERAVES NORTE SAS,0.039686486,0.00467,0.001917,0.038692,0,0,0.369543,0
INVERSIONES AGROPECARIAS CATYK SAS,0.065293664,0.007947,0.053323,0,0.010425,0,2.452939,0
INVERSIONES AGROPECUARIAS ATENKORA SAS,0.037278543,0.017488,0.007964,0.061105,0.04063,0.481129,1.025316,0
INVERSIONES ARZUAGA ARZUAGA & CIA S. EN C.,0.049767841,0,0.036044,0.073823,0.276403,0,1.54801,0
INVERSIONES BUITRAGO MONTOYA SAS,0.016107987,0.013338,-0.037278,0.017393,0.17698,0.020786,1.227969,0
INVERSIONES DIGOMAR SAS,0.009108064,0,0.004295,0.023578,0.018482,1.913155,0.623114,0
INVERSIONES FERROCARRIL SAS,0.076133865,0.004915,0.035502,0.007225,0.059126,1.359144,2.943401,0
INVERSIONES HGH SA,0.031467697,0.002296,0.01866,0.010533,0.022106,0,2.326842,0
INVERSIONES JAY MORRIS S.A.S.,0.09156896,0,0.056566,0.172083,0.252123,0,1.301093,0
INVERSIONES JORGE DIAZ SAS,0.138655845,0.000221,0.067716,0.033592,0.014788,0,0.294641,0
INVERSIONES LOS LAGOS GP SAS,0.034615138,0.021261,0.008465,0.231806,0.137844,0.333011,0.199611,0
INVERSIONES MEGAMOTOR SAS,-0.014268604,0.029538,0.020223,0.170834,0.106074,-0.195134,1.090045,0
INVERSIONES METROFUTURO SAS,0.046172783,0,0.046173,0.335177,0.008155,0,4.047467,0
INVERSIONES PACA SAS,0.18724,0,0.002562,0.131188,0.23498,0.294758,4.237037,0
INVERSIONES PRACAM S.A.S.,0.100762271,0.057189,0.021607,0.16898,0.011637,0.357996,3.05185,0
INVERSIONES PRB SAS,0.048485176,0.032846,0.017565,0.268533,0.101681,0.826168,0.270666,0
INVERSIONES VALLE SAN FERNANDO SCS,0.107076138,0.04907,-0.019366,0.004539,0.12147,0,0.884027,0
INVERSIONES Y CONSTRUCCIONES EL CARMEN S.A.S.,0.038916255,0.01362,-0.000347,0.010939,0.14732,0.664139,0.855305,0
INVERSIONES Y MATERIALES PETREOS,0.124242575,0.022297,0.055379,0.126795,0.336179,0,0.847648,0
INVERSORA DEL ORIENTE COLOMBIANO SA,-0.009509123,0.031697,-0.04042,0.008733,0.054442,-0.071624,0.49939,0
INVFACER SAS,0.034329421,0.033,0.021344,0.088461,0.137106,0.586205,2.224493,0
IWIN S.A.S,0.1542376,0.041583,0.115141,0.390258,0.210843,0.970849,4.170205,0
Integra Diseño y Construcción SAS,0.042964295,0.020529,0.044821,0.02403,0.239482,0.157876,1.658934,0
J P FLOWERS SAS,-0.000665793,0,0.016283,0.273916,0.263549,-0.00506,0.592359,0
J RESTREPO EQUIPHOS SAS,0.162096927,0.005118,0.095682,0.308501,0.043663,0.424248,0.474878,0
JASPIN SAS,0.039335458,0.008682,0.021671,0.07575,0.177073,0.279293,0.340315,0
KP EMPAQUES FLEXIBLES SAS,0.063294451,0.031683,0.019461,0.182031,0.140824,0.242318,0.31467,0
KUMON INSTITUTO DE EDUCACION DE COLOMBIA LTDA,0.127328383,0.009903,0.084594,0.123586,0.042423,0,3.216029,0
LA CASA DEL AGRO MCU S.A.S,0.025214859,0.004563,0.012398,0.133217,0.212015,0,0.410148,0
LA GAITANA FARMS SAS,0.008587874,0.026859,-0.000285,0.132522,0.16195,0,0.627858,0
LA TRONCAL SAS,0.033079048,0,0.027155,0.036429,0.039864,0,4.259652,0
LAN SECURITY NETWORKS SAS,0.041999298,0,0.022773,0.27574,0.230642,1.229192,0.479956,0
LATCOM S.A.,-0.022211211,0.012483,-0.012625,0.271744,0.203529,0,1.12884,0
LATIR EXPERIENCES SAS,0.099741128,0.055968,0.023105,0.176757,0.147929,0.622223,0.096799,0
LECHECOL ZF SAS,0.07865461,0.023666,0.043271,0.206409,0.218512,1.887946,0.486661,0
LINERO ASOCIADOS COMPAÑIA ALBERGUE SA,0.031535472,0.016919,0.006098,0.005108,0.033341,1.817588,1.913951,0
LLANTAS DRT SAS,0.024859665,0,0.02973,0.317798,0.011019,0.05562,0.420668,0
LOGISINU SAS ZOMAC,0.028406877,0.014304,0.007233,0.007686,0.010826,0,0.753601,0
LUBRIXEL SAS,0.021741146,0.005671,0.011313,0.132836,0.087602,1.130604,1.308025,0
LUCANO DOTACIONES INDUSTRIALES SAS,0.185711118,0.046129,0.090292,0.510051,0.214172,0.247073,0.515714,0
LYDCO INGENIERIA SAS,0.153015987,0,0.102232,0.30675,0.220228,0,2.451058,0
La Nueva Vision del Agro S.A.S.,0.025215403,0.01739,0.013513,0.27426,0.336289,0.268324,0.2584,0
La Septima distribuciones agropecuarias,0.008287875,0,0.008291,0.179075,0.129344,0.293622,0.870045,0
MACOSER SA,0.01940725,0,0.020071,0.128368,0.175064,0.100624,0.346175,0
MASTERDENT SAS,0.063782404,0.035771,0.022564,0.263247,0.067535,0.192824,0.931715,0
MAXILLANTAS LTDA,0.052666175,0,0.032809,0.123186,0.193794,0.465068,0.154057,0
MAYA Y BEDOYA LTDA,0.035243912,0.000145,0.022837,0.065421,0.104387,0,1.56182,0
MAYOR POSSO Y CIA SAS,0.091563161,0.01138,0.050526,0.403101,0,0.241795,0.737137,0
MEJIA ACEVEDO S.A.S,0.037301125,0.023036,0.009876,0.158446,0.037689,0.233992,0.712679,0
METALCENTER S.A.,-0.007012292,0,-0.007078,0.14891,0.153348,-0.305173,0.604193,0
MOLTO SAS,-0.023968742,0,-0.023969,0.010986,0.038946,-1.496543,0.202214,0
MOTO SPORT CONCESIONARIA SAS,0.044399236,0,0.031333,0.095981,0.003786,2.099542,2.237155,0
MUNDIAL DE MONTACARGAS SAS,0.202920439,0,0.119783,0.202773,0.069492,0.736114,1.272094,0
MUNDIAL DE PERFILES LTDA,0.050203177,0.028046,0.013843,0.020513,0.292722,0.245262,1.544968,0
Maz Proyectos Inmobiliarios SAS,0.034311189,0,0.033982,0.586939,0.063806,0.027216,0.390653,0
Metal Acrilato Sa,0.06893537,0.038838,0.019151,0.194386,0.128152,0.952804,0.9266,0
NARANJALES DEL CAUCA S.A.S,0.076269947,0.012438,0.052196,0.021266,0.036082,2.240826,2.233691,0
NATIVA CONSTRUCCIONES S.A.S.,0.04880292,0.001475,0.046987,0.533207,0.035114,0.106249,0.089763,0
NATURAL FOOD SAS,0.03488877,0.020892,0.007897,0.022409,0.05855,1.171534,0.570071,0
NATURAL SYSTEMS INTERNATIONAL S.A,0.200378034,0,0.127736,0.197832,0.137937,0.808392,0.556608,0
NEGOCIOS DEL CESAR SAS,0.173910211,0.019586,0.098154,0.059607,0.210551,0,2.896959,0
NUÑEZ Y NOGALES SAS,0.032254906,0,0.019532,0.184331,0.188211,0.964422,0.549668,0
OASIS FLORALIFE COLOMBIA SAS,0.148410137,0.019841,0.083842,0.240344,0.178816,0,1.541517,0
ODINEC S.A. EN PROCESO DE NEGOCIACIÓN DE EMERGENCIA,0.071913883,0.050201,0.025717,0.379483,0.080201,0.286668,-0.001663,0
OFIEXPORT S.A.S.,0.157938089,0.046146,0.075453,0.43873,0.158593,0.432234,1.482385,0
OFIMA SAS,0.007745275,0.009628,-0.016504,0.174833,0.028371,0,1.459868,0
OPEN LOGISTICA SAS,0.059717752,0.010102,0.03225,0.264447,0.000185,0,1.943365,0
ORGANIZACIÓN EDUCATIVA ARENAS GONZALEZ SAS,0.050709606,0.020662,0.023279,0.353819,0.258693,0.679229,0.140991,0
PAGA SA,0.007703032,0.012911,0.000789,0.006831,0.101155,0.1272,0.312325,0
PALMAR DEL GIRAMENA SAS,0.065553913,0.022657,0.025889,0.201792,0.061203,0.61623,3.977806,0
PANAMERICAN DREDGING & ENGINEERING SAS,0.144962157,0.041537,0.077351,0.485196,0.177877,0,1.048351,0
PAPELERIA EL PINGUINO SAS,0.033697439,0.009874,0.013879,0.059788,0.153579,0,0.859906,0
PEAR SOLUTIONS SAS,0.064037394,0.029818,0.017403,0.221426,0.130525,0.400765,1.01104,0
PISOS INUSTRIALES JCR SAS,0.119183241,0.005221,0.061101,0.134394,0.028594,0.688804,3.038497,0
POLYUPROTEC SOCIEDAD ANONIMA,0.110770913,0.038904,0.045419,0.228155,0.194983,0.404987,1.135918,0
PRAMEC SAS,0.072577777,0.036579,0.0774,0.259114,0.282673,1.233409,2.926862,0
PROAGROMIX SAS,0.044089282,0.002707,0.040631,0.219194,0.206527,0,2.424629,0
PROCESADORA DE ARROCES PROARROZ SAS,0.122791924,0.01698,0.066154,0.089713,0.063955,1.296898,2.956041,0
PRODUCTOS LACTEOS COLFRANCE CP S EN C,0.042443364,0.021753,0.009804,0.093928,0.201311,0.381979,0.224535,0
PRODUCTOS MORGAN SAS,0.138536513,0.043408,0.102709,0.145405,0.103769,0,2.420573,0
PRODUCTOS VICKY SAS,0.077312868,0.056573,0.013752,0.198718,0.19467,1.249943,0.38241,0
PRODUGRAFICAS SAS,0.131912124,0.053844,0.04673,0.329981,0.115781,0.523718,0.918527,0
PROMOTORA HOTELELRA DE LA SABANA SAS,0.038210909,0,0.024837,0.001509,0.009106,0,0.162045,0
PUNTO DE SERVICIOS S.A,0.014986691,0,0.006436,0.121623,0.169924,0.01635,0.512514,0
PUNTO FERRETERO ARANGO Y CIA LTDA,0.034614986,0.000622,0.038167,0.297822,0.133923,0.767579,1.218111,0
PURICLOR SAS,0.047299682,0,0.024773,0.218014,0.00507,2.15259,1.778317,0
Piedrahita Arango Comercial SAS,0.048840347,0.00975,0.026258,0.180341,0.15114,1.770812,2.478259,0
Prexxa SAS,0.04741845,0.047181,-0.006123,0.29613,0.237387,0.18507,0.28835,0
QBIKA INVERCONSTRUCCIONES S.A.S,0.005048,0.007928,0.040117,0.187988,0.022699,0,2.152584,0
QUIMIFAST Y CIA SAS,0.099869381,0.010798,0.082283,0.178566,0.182965,0,2.210209,0
RAELJA INGENIERIA SAS,0.112462835,0.003458,0.067422,0.438292,0.01179,0,2.559797,0
RAMIREZ CARDOSO SOCIEDAD ENCOMANDITA SIMPLE RAMIREZ CARDOSO S EN C,-0.014279209,0,0.062971,0.324943,0.006661,0,1.310692,0
RASTRACK SAS,0.088064466,0.010492,0.046359,0.178609,0.183881,0,2.107099,0
REFORESTADORA MORICHALES S.A.S.,0.056459882,0,0.042426,0,0,0,0.468326,0
REPUESTOS EL PALENQUE SAS,0.0495871,0,0.01833,0.177486,0.147635,0,0.888398,0
RIMOPLASTICAS S.A.,0.105876306,0.0345,0.043841,0.263713,0.140439,0.484988,0.499695,0
RINCON CASH SAS,0.014658257,0,0.017504,0.142074,0.079517,0,1.873055,0
SACOTTO SAS,0.019714899,0.00468,0.009195,0.079323,0.085504,0.823538,0.469146,0
SANEAR S.A,0.057246653,0.01526,0.025716,0.213707,0.047333,0.981227,2.433692,0
SARACORP SAS,0.198770934,0.05866,0.087401,0.22333,0.079971,0.614113,1.666338,0
SENSORICA E INGENIERIA SAS,0.070109659,0.023057,0.030929,0.343303,0.169651,0.310206,1.464403,0
SERVICIOS INMOBILIARIOS METRICA SAS,0.113901925,0,0.074019,0.395567,0.000936,0,0.932864,0
SERVICONSTRUCCIONES PJ SAS,0.052768113,0.000487,0.028283,0.387376,0.087844,0.275165,1.276907,0
SERVIOLA SAS,0.02165996,0.004694,0.012906,0.137361,0.041615,0,2.09154,0
SIMA CONSTRUCCION & CONSULTORIA S.A.S,0.044293403,0,0.024269,0.230023,0.071885,0.641857,0.898206,0
SINUBEEF SAS,0.032087856,0.001622,0.022855,0.052722,0.044123,0.733127,0.39558,0
SKY GROUP MINERALS SAS,0.048016719,0.003217,0.028414,0.54413,0.080576,0,3.707811,0
SMI GROUP SAS,0.106587833,0.000012,0.064901,0.421053,0.081481,0,2.196326,0
SOCIEDAD PORCICOLA LA UNION,0.080987996,0,0.051854,0.102345,0.184641,0,2.597308,0
SOLUCIONES LOGISTICAS MAD S.A.S.,0.003802858,0,0.003803,0.141496,0.019564,0.027946,0.412095,0
SOLUTA FOODS S.A.S,0.032044267,0.017291,0.008487,0.148729,0.13797,0.214152,0.289633,0
SONIDO TECNICO SONOTEC LTDA,0.085457333,0.010435,0.047383,0.161149,0.028979,1.231228,2.374904,0
SONY MUSIC PUBLISHING COLOMBIA LTDA,0.125873629,0,0.059231,0.325617,0.044087,0,0.389762,0
SOS CONTINGENCIAS SAS,0.117919229,0,0.068251,0.371047,0.084814,1.736883,0.997719,0
SRSS RESOURCES MIN SAS,0.126827104,0,0.072294,0.387699,0.287564,0.631675,0.779392,0
SUMA ARQUITECTONICA SAS,-0.054076769,0.011217,-0.024745,0.13824,0.094061,-0.004708,0.138572,0
TECNIDECOR SAS,0.037864919,0.030563,0.002016,0.280048,0.211142,1.123423,0.624334,0
TEKZOL SAS,0.175356509,0.01337,0.105562,0.238418,0.074741,1.060068,1.339364,0
TEMPLAMOS S.A.S,0.100710438,0.048918,0.026535,0.311911,0.154097,0.371578,2.502919,0
TOLENTINO S.A.S,0.173323505,0.05608,0.050841,0.272573,0.100822,0.981259,0.577659,0
TRACKING SOLUTIONS TSO SAS,0.045146524,0.0358,0.015379,0.163584,0.032485,0,0.870358,0
TRAINCO SAS,0.03007783,0.001503,0.029191,0.30664,0.2298,0.209799,0.566971,0
TSUMICOL SAS,0.086114003,0,0.054919,0.326724,0.017784,0,2.34298,0
UNICAMPEROS SA,0.100614916,0.04092,0.045083,0.16992,0.155595,0,3.609987,0
UNIFORMES NACIONALES SAS,0.04622808,0.055759,-0.009708,0.307743,0.262781,0.208837,0.149754,0
UNIMAQ SA,0.017443768,0,0.011877,0.300213,0.33011,0.02798,0.290651,0
VAOX GROUP COLOMBIA SAS,-0.044080115,0,-0.022549,0.183774,0.078046,-0.165399,0.118958,0
VICTOR RAUL VARGAS Y CIA CONSTRUVIR LTDA,0.153954378,0.029438,0.079046,0.064013,0.018064,0.079333,1.243902,0
VIVESSALUD EJE CAFETERO S.A.S,0.103454919,0,0.064193,0.425502,0.089727,1.610065,2.340617,0
VR INGENIERIA Y MERCADEO SAS,0.141669864,0.030004,0.080122,0.073367,0.039079,1.530224,2.084061,0
WG CONSULTORES SST SAS,0.099932068,0.032382,0.031984,0.210975,0.305011,0.578003,0.639748,0
WILCAR REMODELACIONES Y ACABADOS LTDA,0.091018737,0,0.058032,0.492177,0.099319,0,2.488288,0
Y&V INGENIERIA Y CONSTRUCCION SUCURSAL,0.041593237,0.038022,0.002792,0.321632,0.151613,0.3159,0.476439,0
YENJHON SA,0.071288357,0.042092,0.014196,0.244312,0.209874,0.333859,1.478456,0
ZIAD HASSAM ISMAIL CADENA MULTI S EN C S,0.056805788,0.014521,0.026245,0.043842,0.117364,0.38481,0.93932,0
lLABORATORIOS ASEPTIC S.A.S.,0.06368669,0,0.034201,0.581565,0.247442,0.6151,1.536885,0
ABC LABORATORIOS SAS EN REORGANIZACION,0.013973036,0,0.002089,0.093823,0.033976,0.71061,1.775273,1
AEROLINEA REGIONAL DE COLOMBIA  SAS - EN REORGANIZACION,-0.055000441,0.0744,-0.159972,0.947839,0.156116,-0.083928,0.327413,1
AGENCIA DE ADUANAS GRANANDINA LTDA. NIVEL 1 EN REORGANIZACION,0.115561702,0.079634,-0.020159,1.833729,0.875078,0.438612,0.209113,1
AGENCIA DE SEGUROS ARANGO PAREJA Y CIA LIMITADA EN REORGANIZACION,0.021892009,0.010452,-0.010842,0.134673,0.217909,0,-0.883886,1
AGRAGROGANADERA Y PRODUCTORA DE ALIMENTOS CASANARE SAS EN REORGANIZACIONOGANADERA Y PRODUCTORA DE ALIMENTOS CASANARE SAS EN REORGANIZACION,0.048468111,0.142555,-0.104028,0.053145,0.102585,0.002559,0.84359,1
AGREGADOS& TRANSPORTES LA ROCA S.A.S. EN REORGANIZACION,-1.64762248,0,-1.647622,1.621971,1.769629,0,-0.385636,1
AGRICOLA BUFALERA DE COLOMBIA S.A.S EN REORGANIZACIÓN,-0.085158793,0.02889,-0.111945,0.273483,0.267257,-0.145243,2.693838,1
AGRO FILTER SAS EN REORGANIZACION,0.044566275,0,0.02725,0.249083,0.118401,0,0.736331,1
AGROINCA SAS EN REORGANIZACION,-0.001892148,0.004343,-0.029208,0.119183,0.13345,-0.005741,0.186529,1
AGROORGANICOS DE COLOMBIA SAS EN REORGANIZACION,0.039955553,0,0.039956,0,0,0.123478,1.81541,1
AGROPECUARIA  BENGALA LTDA -EN REORGANIZACION,0.090565852,0,0.053046,0.134171,0.044523,0,1.161499,1
AGROPECUARIA DE COMERCIO SAS EN REORGANIZACION,0.054352631,0.025692,0.020237,0,0,0,0,1
AGROPECUARIA LA RIVERA GAITAN SAS EN REORGANIZACION,0.041103567,0.005144,0.005383,0.128803,0.114639,0,0.238677,1
AGROPECUARIA LA SORIA S.A.S. EN PROCESO DE REORGANIZACION,-0.00072685,0.013667,-0.018803,0.338792,0.250929,-0.007162,0.01068,1
AGROPECUARIA VARGAS VALLEJO Y CIA SAS - EN REORGANIZACION,-0.061472357,0.023369,-0.011277,0.98862,0.336,0,0.210321,1
AGROVICMART SAS EN REORGANIZACION,0.293057147,0.004297,0.245232,0.505816,0.14206,0.700276,2.128382,1
ALQUILERES Y SERVICIOS SA  Y DE FORMA ABREVIADA COMO ALQUISER EN REORGANIZACION,0.024346175,0,0.015338,0.210852,0.504104,0.067423,0.322386,1
ALVARO ROLANDO PEREZ CASTRO ABOGADOS SAS-EN REORGANIZACION,0.138325031,0,0.138325,4.811602,2.275688,0,0.273575,1
AMBIENTES Y DISEÑOS SAS EN REORGANIZACION,-0.025692907,0.043555,-0.069248,0.041887,0.245336,-0.046547,-0.401733,1
AMENI GROUP S.A.S EN REORGANIZACION,-0.004766079,0,-0.004766,0.62175,0.16026,-0.138858,0.220153,1
"AMERICANA, SERVICIOS AMBIENTALES Y PETROLEROS S.A. ASAP S.A. EN REORGANIZACIÓN",0.29300862,0.019746,0.183859,0.313713,0.092769,3.639365,1.004661,1
ANALYTICS DATA SAS - EN REORGANIZACIÓN,0.085728007,0.031659,0.03627,0.126966,0.003947,0.10745,1.032562,1
ANDINA EN REORGANIZACION,0.10418003,0.016251,0.087955,0.246117,0.09064,0,2.008054,1
APICE INGENIERIA Y SOLUCIONES DE AVANZADA S.A. EN REORGANIZACION,0.049582726,0.035199,0.003385,0.313892,0.097378,0,0.081142,1
ARENERA LOS PINOS LTDA EN REORGANIZACION,0.010029571,0,0.000377,0.297335,0.05661,0.042535,0.563188,1
ARQUIAGRO SAS EN REORGANIZACION,0.000755488,0,0.000755,0,0.980024,0,7.021154,1
ASFALTART SAS EN REORGANIZACION,-0.118186969,0,-0.148173,0.333515,0.125908,-0.485173,0.445155,1
ASTORGA SAS EN REORGANIZACION,0.069433893,0.118681,-0.132144,0.296489,0.168891,0.044747,0.597225,1
AUTO REPUESTOS MAZRENO S.A.S. EN REORGANIZACION,0.027831578,0.006294,0.012599,0.60799,0.373154,0.037852,0.46249,1
AVEGAR SAS EN REORGANIZACION,-0.24359491,0,-0.243595,7.237073,0.019088,0,0.902571,1
B&V ESTRUCTURAS METALICAS LIMITADA EN REORGANIZACION,0.169323907,0.0659,0.103424,5.517033,0.619137,0.394801,2.385724,1
BIKAR SAS EN REORGANIZACION,0.093483388,0,0.074787,0.433933,0.247168,0.212933,-0.125535,1
BIODIVERSIDAD Y PALMA - BIOPALMA S.A.S EN REORGANIZACION.,0.324611503,0,0.266128,1.332925,0.554834,2.479396,1.377628,1
BOTERO LOSADA SA EN REORGANIZACION,0.043986918,0.110287,-0.0663,0.783527,0.201236,0.077725,0.270466,1
BTP MEDIDORES Y ACCESORIOS SA EN REORGANIZACION,0.025684987,0.023741,0.002702,0.246664,0.022098,1.523535,0.931848,1
"C S I CONSTRUCCIONES, SERVICIOS E INGENIERIA E U - EN REORGANIZACIÓN",0.167282342,0.001689,0.107635,2.730619,0,0.340076,2.846441,1
C&CO SERVICES SAS EN REORGANIZACION,-0.597411042,0,-0.585767,0.12307,1.193533,0,-0.394724,1
CABLETEC SAS EN REORGANIZACION,0.033267405,0.005758,0.023723,0.044299,0.027447,0,0.475613,1
CACHORRITOS PARA TI S.A.S. EN REORGANIZACION,0.021097304,0,0.013709,0.041523,0.536241,0.123206,-0.024839,1
CALIZAS DEL LLANO SA EN REORGANIZACION,-0.023587094,0,-0.019184,0.46663,0.480054,-0.037897,0.926422,1
CAPSULAND COLOMBIA SAS EN REORGANIZACION,0.148130935,0,0.148131,0.358316,0.449221,4.828213,0.435158,1
CARBONES DE TOLEDO SA EN REORGANIZACION,0.093309181,0.057145,0.016343,0.151414,0.008664,0.295918,1.46814,1
CARBONES SAN FERNANDO S.A.S. EN PROCESO DE REORGANIZACION,-0.015427756,0,-0.010969,0.034271,0.100648,-0.289073,0.020174,1
CARLLANTAS SAS EN REORGANIZACION,-0.014550848,0,-0.014551,0.040967,0.074247,-0.091641,0.3365,1
CARLOS A. CASTAÑEDA & CIA S.C.A. EN REORGANIZACIÓN,0.024004893,0,0.015603,0.258481,0.360942,0,0.15591,1
CB HOTEL GOURMET SAS EN REORGANIZACIÓN,0.009625514,0,-0.003725,0.105265,0.05117,0.053242,0.959598,1
CELUTEL COMUNICACIONES FERNANDEZ SANCHEZ SAS EN REORGANIZACION,-0.017407509,0.031922,-0.062051,0.389036,0.163237,-0.071047,0.199426,1
CENTRAL DE NEGOCIOS GOFRA SAS EN REORGANIZACIONCENTRAL DE NEGOCIOS GOFRA SAS EN REORGANIZACION,-0.011728405,0,-0.017779,0.160339,0.105975,-3.878187,0.024601,1
CENTRO DE DISTRIBUCION DE CARNES DEL SINU SAS EN REORGANIZACION,0.023381547,0.003135,0.015164,0.005405,0.056659,0.071283,0.232105,1
CENTRO TEXTIL SAS CENTEX EN REORGANIZACION,-0.430557676,0.021918,-0.452079,0.029533,0.717999,-0.340736,0.011664,1
CHARRY OLARTE SAS ENREORGANIZACION,0.022866462,0,0.013659,0.025412,0.227477,0.061098,1.678503,1
CHRONOS FANTASY SAS EN REORGANIZACION,-0.086669106,0.020874,-0.107543,0.106618,3.539201,-0.261053,-0.687762,1
CI COMSOLUTIONS S.A.S EN REORGANIZACION,0.158022961,0.011162,0.085266,0.802817,0.146971,1.637245,1.133178,1
CI TESCO SAS EN REORGANIZACION,-1.628822117,0.018056,-1.646878,6.777621,5.520864,-1.499023,0.081815,1
CI TEXMAN SAS EN REORGANIZACION,-0.091153894,0.099776,-0.268385,0.278129,0.085099,-0.026505,0.534629,1
CIVAREL INGENIERIA LTDA EN REORGANIZACION,0.074463194,0.007307,0.067156,1.533415,0.806357,0.059125,0.341985,1
CMG CONSTRUCCIONES Y MONTAJES GENERALES SAS - EN REORGANIZACION,0.086800536,0.023969,0.06288,0.465544,0.331244,0.117257,-0.294646,1
COBRANZAS ESPECIALES GERC S.A. EN REORGANIZACION,-0.139870031,0,-0.150218,6.900079,2.884469,-0.098422,0.542309,1
COCHEROS SAS EN REORGANIZACIÓN,0.017128902,0.027628,-0.021966,0.259415,0.339727,0,0.006287,1
COLOMBIAN COAL S.A. EN REORGANIZACION,2.252395568,0.009939,1.660397,0.884296,1.361208,1.337311,0.020284,1
COLOMBIANA DE CALDERAS COLCALDERAS SAS EN REORGANIZACION,0.155765078,0.107483,0.001657,2.200319,0.215724,0.272255,0.488275,1
COMARCA MARKETING ADVERTISING S A S EN REORGANIZACION,0.251653283,0.01497,0.143505,2.9571,0.235825,0.235282,0.699785,1
COMERCIAL CHEMICAL SAS EN REORGANIZACION,-0.221396997,0,-0.221397,0.211205,1.252021,0,-0.365783,1
COMERCIALIZADORA E IMPORTADORA SAS - EN REORGANIZACION,-0.01084605,0.178743,-0.090404,1.789099,0.898617,-0.004215,0.006661,1
COMERCIALIZADORA INTERNACIONAL SOLOMETALES S.AS CI SOLOMETALES EN REORGANIZACION,0.014615505,0,0.004815,0.084291,0.792594,0.008144,0.538126,1
COMPAÑIA AGROPECUARIA DE LA VICTORIA S A - EN REORGANIZACION,-0.112058777,0.004642,-0.117659,1.093861,0.050376,-3.957582,4.224622,1
COMPAÑIA DE CONTROL DE CONTAMINACION DE COLOMBIA C4 SAS EN REORGANIZACION,0.034486165,0,0.022416,0.037069,0.090817,0.092143,-0.447727,1
COMPAÑIA DE SEGURIDAD Y VIGILANCIA PRIVADA SIMON BOLIVAR LTDA EN REORGANIZACIÓN,0.027415549,0.005244,0.014411,0.174346,0.004885,0,1.897665,1
COMPAÑIA GANADERA LA MILAGROSA SAS EN REORGANIZACION,0.074898778,0.002657,0.04336,0.239086,0.105278,0.160434,0.810309,1
COMPAÑIA NACIONAL DE ACEITES S.A. EN REORGANIZACION,0.024704021,0.009124,0.011566,0.082073,0.106433,0.103385,0.955273,1
CONCISAN SAS CONSULTORIA Y CONSTRUCCIONES CIVILES Y SANITARIAS SAS EN REORGANIZACION,0.072642757,0.011914,0.039474,0.057746,0.000328,2.141039,4.111153,1
CONSTRUCCIONES AP SAS EN REORGANIZACION,0.010143629,0.004569,0.000065,0.34337,0.04784,0.034914,0.495834,1
CONSTRUCCIONES OBRAS Y SUMINISTROS SAS EN REORGANIZACION,0.107566682,0.017481,0.092096,0.987801,0.148836,0.745603,2.193817,1
CONSTRUCCIONES PEÑALISA SAS EN REORGANIZACION,0.008762824,0.016038,-0.007248,0.060464,0.069498,0.000408,-0.040155,1
CONSTRUCTORA VALU LTDA - EN REORGANIZACION,-0.643125498,0,-0.643125,2.224,0.743253,-0.825227,0.01037,1
CONSTRUINVERSIONES AYM SAS EN REORGANIZACION,0.369096083,0.049237,0.210051,3.467732,0.286619,0.109468,-0.264805,1
CONSTRUSUELOS DE COLOMBIA SAS EN REORGANIZACION,0.040870771,0,-0.045852,2.095547,0.149528,0.289473,1.748903,1
CONTROLES Y AUTOMATIZACION S A S - EN REORGANIZACION,0.127450499,0,0.075597,0.585457,0.526891,0,1.018048,1
CORDOBLEZ MA SAS EN REORGANIZACIÓN,-0.073491967,0,-0.073492,0.071582,0.835202,-0.347102,0.069474,1
CREDITITULOS SAS EN REORGANIZACION,-0.413833682,0.021223,-0.435057,3.988406,0.859053,-0.101313,0.445569,1
CRISTALES TEMPLSDOS LA TORRE SAS-EN REORGANIZACION,0.034053263,0.028385,-0.00929,0.103272,0.186117,0.100882,-0.112701,1
CUBIERTAS SAS EN REORGANIZACION,0.04450905,0,0.024902,0.411524,0.07082,0.428426,0.131361,1
Caribbean Wood Packaging S.A.S. en Reorganizacion,0.032243607,0.012532,0.005519,0.096782,0.016286,3.20355,0.258364,1
DATASUMINISTROS SAS EN REORGANIZACION,0.112255465,0,0.112255,0.311105,0.017126,0.428324,0.442009,1
DERMATOLOGIA VIP SAS ENREORGANIZACION,-0.154025252,0,-0.16931,0.211743,0.235558,0,0.910436,1
DICOPLAST S.A.S. EN REORGANIZACION,0.127949302,0.027534,0.057045,0.080619,0.080692,0.888771,1.008017,1
DIMOIN TANQUES DE COLOMBIA SAS EN REORGANIZACIÓN,0.021810157,0.007661,0.01191,0.229742,0.011196,0.071431,0.136363,1
DISEÑO PETROMECANICO SAS EN REORGANIZACION,0.008062464,0.003915,-0.000553,0.188863,0.199349,0.073528,0.066855,1
DISTRIBUCIONES ANDINAS BIEN HECHAS SAS EN REORGANIZACION,0.053467683,0.009073,0.022321,0.896593,0.288286,0.111153,0.083776,1
DISTRIBUIDORA DE ACEROS Y METALES SAS DISAMETALES SAS EN REORGANIZACION,0.071336801,0.016845,0.034398,0.198631,0.0653,1.216995,1.378669,1
DON JEDIONDO SOPITAS Y PARRILLA SAS EN REORGANIZACION,-0.051715668,0.048885,-0.099889,0.247977,0.041201,-1.099225,0.007422,1
DON VILLA SNACKS SAS EN REORGANIZACION,0.015601455,0.010729,0.00434,0.128754,0.131452,0.149718,0.330462,1
DROSERVICIO LTDA EN REORGANIZACION,-0.031847754,0.001109,-0.032956,5.150875,0.217377,-0.021263,0.387988,1
DUGATAN LTDA - EN REORGANIZACIÓN,0.009627518,0,0.003794,0.707336,0.056338,0.089729,0.260463,1
DURATA SAS EN REORGANIZACION,0.048844145,0.010293,0.025102,0.208491,0.030512,0.281783,0.250172,1
E TRAINING SAS EN REORGANIZACION,0.124959684,0.001849,0.094146,0.254161,0.098674,1.013435,0.673355,1
E&C CONSTRUCCIONES SAS - EN REORGANIZACIÓN,0.050863679,0.010841,0.005855,4.472088,0,0.017106,0.267438,1
EDOSPINA SAS EN REORGANIZACION,0.064636218,0,0.058717,0.136508,0.192974,0.148411,0.429813,1
EDUPOL SAS EN REORGANIZACIÓN,0.189131013,0,0.444938,0.185508,0.449861,0,-0.734268,1
EFICOL SAS EN REORGANIZACION,0.126305792,0,0.05464,0.252892,0.264913,1.320118,0.522495,1
ELECTROMAC SAS EN REORGANIZACION,0.04861284,0,0.030995,0.283788,1.213536,0,0.660218,1
EMBOTELLADORA CAPRI LTDA EN REORGANIZACION,0.13196444,0.001029,0.086067,0.10737,0.06875,0,1.336941,1
EMPAQUES FLEXIBLES DE COLOMBIA SA EN REORGANIZACION,0.014404049,0.015818,0.008878,0.360413,0.194591,0,1.423702,1
ENRIQUE PRADA W SAS EN REORGANIZACIÓN,-0.10042466,0,-0.100425,1.45878,0,-1.09738,6.357982,1
ENTRECARNES SAS EN REORGANIZACION,0.004172187,0,0.004172,0.215481,0.170971,0.01876,-0.178002,1
EQUIPO DE COCINA CREATIVA SAS EN REORGANIZACION,-0.003104753,0,-0.014914,0.090993,0.064051,-0.011723,0.033603,1
ESPACIOS CONCRETOS SAS - EN REORGANIZACION,-0.8589005,0,-0.8589,6.573418,1.079527,0,-0.665401,1
ESTACION DE SERVICIOS LA VARIANTE DE SANTA FE DE ANTIOQUIA LTDA EN REORGANIZACION,0.016632342,0.00805,0.008583,0.024003,0.046334,0.075485,1.468083,1
ESTACION DE SERVICIOS LAS CEIBAS CALI SAS EN REORGANIZACION,-0.015655484,0.007901,-0.021285,0.16922,0.085263,0,0.942623,1
ESTACIONES MARTIGO SAS EN REORGANIZACION,-0.000107581,0,-0.000108,0.058397,0.047998,-0.000215,0.426768,1
EVOLUTION OUTSOURCING SAS EN REORGANIZACION,0.036075923,0,0.015553,0.293703,0.016015,4.902345,0.638537,1
EXTRACTORA CUSIANA SAS EN REORGANIZACION,0.031759853,0.019537,-0.001312,0.380813,0.132695,0,0.213963,1
Empresa Colombiana de Transporte ECOTRANSPORTE SAS - En Reorganizacion,0.043191962,0.00094,0.027466,0,0.015143,0,-0.174294,1
FABRICA DE CABLES Y ENCHUFES SAS EN REORGANIZACION,-0.078176851,0.005972,-0.084149,1.815234,0.05364,-0.01869,0.160816,1
FALCON FREIGHT SA EN REORGANIZACION,0.098870482,0,0.06247,0.722919,0.486757,1.218739,0.546717,1
FC FAUCETS DE COLOMBIA SAS - EN REORGANIZACION,-1.623024024,0,-1.623024,0.672191,0.041706,-1.526262,-0.568949,1
FERIAS Y EVENTOS SA ENREORGANIZACION,-0.031583282,0,-0.02649,0.120427,0.02127,-0.059787,0.723009,1
FERRETERIA CESAR SAS EN REORGANIZACION,-0.172058757,0,-0.173323,1.160356,0.346518,0,0.783154,1
FORRETODO S.A.S. EN REORGANIZACION,-0.060816048,0.056355,-0.117172,0.04364,1.741338,0,0.290413,1
FOTO DEL ORIENTE LTDA EN REORGANIZACION,0.016395582,0,0.012158,1.694453,1.770974,0,0.093206,1
FRC INGENIERIA SAS EN REORGANIZACION,-0.090638379,0.018329,-0.092043,0.067395,0.037855,0,0.098125,1
FRIGORIFICOS BAMAR SAS EN REORGANIZACION,0.019990682,0,0.012994,0.262056,0.534382,0,0.521789,1
GEOSPATIAL SAS EN REORGANIZACION,0.236727909,0.030086,0.176947,0.913368,0.783265,0,0.278907,1
GESTORES & CONSULTORES G&C LTDA EN REORGANIZACION,0.192867476,0.007454,0.185414,2.48364,0.276527,0,-0.262456,1
GOLDEN COMUNICACIONES SAS EN REORGANIZACIÓN,0.238485097,0.042207,0.400467,0.346535,0.01286,0.362407,0.078403,1
GOLDEN TOWERS DEVCO SAS EN REORGANIZACION,0.477058741,0.041531,0.215263,0,0.003686,0,0.058574,1
GRUPO ALEMAN SAS EN REORGANIZACION,0.036361987,0.035356,0.000654,0.01861,0.927836,0.031737,0.158311,1
GRUPO AZER SAS -  EN REORGANIZACION,0.087978574,0,0.057186,0.885468,0.584102,0,0.817493,1
GRUPO COMERCIAL TOLIMENSE S.A.S - EN REORGANIZACION,0.042882918,0.024086,0.012608,0.149944,0.073366,0.175184,0.236301,1
GRUPO EMPRESARIAL LA GRAN FORTALEZA S A S - EN REORGANIZACIÓN,-0.532051163,0,-0.604512,1.618441,2.551982,-0.38096,-0.741786,1
GRUPO EMPRESARIAL SOLANCO S.A. EN REORGANIZACION,0.095136575,0,0.06184,13.231991,6.478226,0.008622,-0.027653,1
GRUPO GUERRERO GONZALEZ S.A. EN REORGANIZACION,-0.165302796,0,-0.089885,0.294074,0.047796,-0.13091,0.048553,1
GRUPO MAPA INMOBILIARIO SAS EN REORGANIZACION,0.270474527,0.007514,0.221868,0.006058,0.412836,0,2.044515,1
GUILLERMO PULGARIN S SA EN REORGANIZACION,0.055283295,0.034256,0.021481,0.266257,0.061795,0.223053,0.722973,1
HAMBURGUESERIAS S.A.S. -EN REORGANIZACIÓN,0.011916015,0.037226,-0.029598,0.02176,0.053208,0.094262,-0.573922,1
HERRAMIENTAS INDUSTRIALES S.A.S EN REORGANIZACIÓN,0.088988618,0.013799,0.042581,1.068219,0.167146,0.104994,1.071762,1
HIBERUS TECNOLOGIA COLOMBIA SAS EN REORGANIZACIÓN,0.161633134,0,0.066181,0.256003,0.041283,0,1.953565,1
HIFER SA EN REORGANIZACION,-0.063875421,0.01883,-0.108056,0.102179,0.496638,-0.133053,-0.405297,1
I 3NET SAS - EN REORGANIZACION,-1.45319341,0,-1.453193,0.233181,0.155512,-0.401622,-0.251008,1
ICE MAN SERVICE S.A.S EN REORGANIZACION,0.006929652,0.01504,-0.00811,0.72406,0.146694,0.058195,0.486871,1
ICMO SOCIEDAD POR ACCIONES SIMPLIFICADA EN REORGANIZACION,0.109183481,0,0.070969,1.308274,0.456193,0.477249,0.360953,1
ICOPEL SAS EN REORGANIZACION,0.041863259,0.014523,0.013337,0.394277,0.095613,0.116352,0.373105,1
IDAIA COLOMBIA SAS EN REORGANIZACIÓN,0.034493192,0.109649,0.937441,3.31279,1.37439,0.002935,-0.031969,1
IGUARAN HENRIQUEZ & CIA S C S. EN REORGANIZACION,0.072051385,0,0.072051,2.485605,0.064958,0.006283,1.177989,1
IIMEC INGENIERIA & CONSTRUCCIONES SAS EN REORGANIZACION,0.032263121,0.045198,-0.074479,1.581743,0.037937,0.00523,0.308757,1
IJD GOMEZ SAS EN REORGANIZACION,0.037508439,0.025092,-0.00427,0.063155,0.108333,1.631986,0.518141,1
IMPACTA PRODUCCIONES S.A.S. EN REORGANIZACION,0.275794871,0.020029,0.198839,0.004529,0.007894,1.888318,1.235577,1
IMPORTACIONES GRUCAL SAS EN REORGANIZACION,-0.101380894,0.02185,-0.134744,0.461164,0.30841,-0.088211,-0.450928,1
IMPORTADORA FAMA S.A.S. EN REORGANIZACION,0.047539002,0.020559,0.008232,0.466711,0.09696,0.026111,-0.050028,1
INDUGANADERA DEL MAGDALENA SAS- EN REORGANIZACIÓN,-0.566799789,0.021468,-0.586759,0.014323,0.133089,-0.202806,1.961429,1
INDUSTRIA DE ALIMENTOS GRANSOLI Y CIA S EN CA EN REORGANIZACION,0.080556993,0.024078,0.036711,0.112285,0.074017,1.54666,0.191273,1
INDUSTRIA MANUFACTURERA DE CALZADO SAS EN REORGANIZACION,-0.076343209,0.056442,-0.080884,0.065802,0.179508,-0.33131,0.297001,1
INDUSTRIA PRODUCTORA DE ARROZ S.A EN REORGANIZACION,0.119395886,0.048113,0.07652,0.334955,0.067573,0.036448,1.295999,1
INDUSTRIAL DE EMPAQUES FLEXIBLES SAS - EN REORGANIZACION,0.013937811,0.018861,0.00005,0.243097,0.25156,0.116413,0.047763,1
INDUSTRIAS DEL CONFORT SA EN REORGANIZACION,0.047600523,0.034257,0.013345,0.032996,0.122702,0.05331,0.607381,1
INDUSTRIAS EL COE S.A.S. EN REORGANIZACION,0.035007931,0,0.022755,0.089583,0.123625,0.628325,0.058,1
INDUSTRIAS ENSUEÑO SAS - EN REORGANIZACION,0.070069395,0.018367,0.032019,0.111151,0.153323,0.364957,0.566468,1
INDUSTRIAS PACECOL SAS EN REORGANIZACION,0.011346187,0,0.011346,0.096318,1.697693,0.013102,-0.467918,1
INGENIERIA CIVIL & AMBIENTAL - INGENIEROS CONSULTORES S.A.S. EN PROCESO DE REORGANIZACION,0.153370807,0.000067,0.153371,0.062368,0.045324,0,1.557165,1
INGENIERIA TOTAL SAS EN REORGANIZACION,0.071628957,0,0.071629,15.823028,0.18348,0.008382,0.692185,1
INGENIERIA Y SUMINISTROS BROCA SAS EN REORGANIZACION,-0.058465006,0.001405,-0.064468,0.393363,0.203119,-0.028426,2.029413,1
INGEOBRAS S.A.S EN REORGANIZACION,0.16493023,0,0.16493,6.872231,0,0.061222,0.340625,1
INGEVIAL SAS EN REORGANIZACION,-0.292493766,0.013861,-0.30609,0.444152,0.408356,0,-0.243054,1
INMCOR IMPRESORES SAS EN REORGANIZACION,0.147399503,0.047765,0.067268,0.12726,0.088564,1.410243,-0.249831,1
INSUMOS Y MODA SAS EN PROCESO DE REORGANIZACION,0.031427961,0.038403,-0.024992,0.244305,0.144879,0.029559,0.205512,1
INTEGRAL OIL SERVICES GROUP S.A.S EN REORGANIZACION,0.037292562,0.090253,-0.059518,0.176152,0.301143,0.090172,-0.226812,1
INTERCOL SA EN REORGANIZACION,0.131754901,0.081269,0.008499,5.989689,4.277837,0,0.245602,1
INTERFOOD SAS EN REORGANIZACIÓN,-0.016582452,0,-0.016582,0.052706,0.085829,0,0.090017,1
INVERMUSIC GE SAS EN REORGANIZACION,0.055835305,0,0.054768,0.23433,0.052724,0.083475,0.549508,1
INVERSER LTDA INVERSIONES Y SERVICIOS EN REORGANIZACION,-0.053944669,0,-0.073577,0.187568,0.197988,-0.05278,0.458068,1
INVERSIONES AGRICOLAS SANTAFE S.A.-AGROSANTAFE S.A. EN REORGANIZACION,-0.085361228,0,-0.085361,0.125589,0.86817,0,2.641934,1
INVERSIONES CAMPOSOL SAS EN REORGANIZACIÓN,-0.080450241,0,-0.09139,0.210284,0.142895,-0.118939,2.283127,1
INVERSIONES CHAHIN Y CIA C.S.A EN REORGANIZACION,0.035605482,0.003721,0.016554,6.307081,5.842967,0.003866,0.222503,1
INVERSIONES EL MARQUEZ S.A.S. EN REORGANIZACION,0.006436093,0.001558,0.152962,0.155117,0.041654,0.129807,3.656144,1
INVERSIONES MEGAVAL LTDA EN REORGANIZACION,0.173489271,0.042765,0.130724,0.006427,0.156808,0.894918,0.937201,1
INVERSIONES MINA LA GOMEZ S.A.S EN REORGANIZACION,-0.258861524,0.006042,-0.339921,1.310139,0.501061,-1.187785,0.327545,1
INVERSIONES MOLINO GRANDE LTDA EN REORGANIZACION,-0.31804493,0,-0.156935,0.540948,7.545468,-0.566471,-0.414635,1
INVERSIONES SANTO Y LEÑA SAS EN REORGANIZACION,0.327436062,0.031921,0.282216,0.394469,0.052938,1.67724,0.368079,1
INVERSIONES TINKKO SAS EN PROCESO DE REORGANIZACION,0.06112016,0.01377,0.035513,0.116268,0.348742,0,-0.380832,1
Industrias continental articulos electricos florez osorio y cia s en c en reorganizacion,-0.672501981,0,-0.672502,0,0.304733,-0.017451,0.080544,1
Ingenieria y Servicios Ambientales Isa Internacional Ltda en Reorganizacion,-0.039727328,0.009495,0.022451,0.670157,0.370493,0,0.243831,1
Inpacta sas en reorganización,-0.366679338,0,-0.366679,3.374436,0.932388,-0.078782,0.455575,1
Inversiones La Carne Sas En Reorganización,-0.017220787,0.02332,-0.040442,0.135416,0.291246,-0.089424,-0.213368,1
J A SERVICIOS EFICIENTES SAS  EN REORGANIZACION,0.008905238,0,0.001494,0.527203,0.06659,0.065697,0.404973,1
J Y F INVERSIONES S A S EN REORGANIZACION,0.11080528,0,0.073152,6.069637,3.168775,0.025072,1.079431,1
JAYMAR SAS EN REORGANIZACIÓN,0.026791293,0,0.026791,0.837656,0.08093,0.080405,0.744965,1
JP INGENIERIA CONSTRUCCIONES SAS EN REORGANIZACION,-0.075101722,0.088231,-0.161435,0.41108,0.183978,0,1.176392,1
KEY MARKET  SAS EN REORGANIZACION,0.022725463,0.0091,0.006804,0.670344,0.393254,0.114267,0.559382,1
KINCO SAS EN REORGANIZACION,-0.156005372,0.082789,0.064298,0.012366,0.006183,0,-0.467911,1
L&S ACTIVIDADES AGROPECUARIAS S.A.S. EN REORGANIZACION,0.025819551,0,0.02582,2.369231,1.408872,0.06424,0.171526,1
LA BODEGA TEXTIL RG SAS EN REORGANIZACION,-0.275770364,0.015192,-0.290963,0.986352,3.550123,-0.106116,-0.491675,1
LACTEOS CAMPORAL SAS BIC EN REORGANIZACION,-0.185900315,0.079459,-0.269368,0.176307,0.096705,-0.355477,-0.419136,1
LACTEOS DEL CESAR SA EN REORGANIZACION,0.03676004,0.032207,0.020737,0.037414,0.074589,0.664593,0.199605,1
LAGEX SAS EN REORGANIZACION,0.069300222,0,0.045051,0.965114,0.754092,0.115449,0.431587,1
LAMICOLOR LTDA EN REORGANIZACION,0.10135325,0,0.058072,0.154079,0.140483,0.183182,0.153135,1
LAUZOL SAS EN REORGANIZACION,0.010825012,0.017042,0.001754,0.315016,0.038546,0.058288,0.968707,1
LE & VE ALIMENTOS MACSOL SAS EN REORGANIZACION,0.037924958,0.000812,0.034261,0.354703,0.067593,0.37833,0.41903,1
LOS LEMAITRE S.A.S. EN REORGANIZACION,0.026221127,0.011482,0.007278,0.163228,0.035958,0,0.096165,1
LUIS EDUARDO CAICEDO S.A. (LEC S..A) EN REORGANIZACION,0.08766777,0.050747,0.023034,0.124287,0.067297,0.235762,1.685652,1
LUVET SAS EN REORGANIZACION,-0.188634628,0.00226,-0.190894,0.87404,0.297102,-0.275424,-0.632305,1
M.V.C. S.A.S EN PROCESO DE REORGANIZACION,-0.891743099,0.000526,-0.892269,0.546439,0.618964,-0.311531,0.506159,1
MACHINE TECHNOLOGIES SERVICES SAS EN REORGANIZACION,0.116861226,0.080197,0.023831,0.086485,0.157627,1.101977,0.046455,1
MAGNOFARMA SAS EN REORGANIZACION,0.408431486,0,0.379673,0.238964,0.049508,0,-0.397097,1
MANUFACTURAS 3G SAS EN REORGANIZACION,-0.234093398,0.083638,-0.31644,0.359293,0.422785,-0.352214,-0.380031,1
MARCHEN SA EN REORGANIZACION,0.072837413,0,0.072837,0.966541,1.013295,0.581616,-0.181259,1
MARQUILLAS Y ACCESORIOS SA EN REORGANIZACION,0.103100645,0.027438,0.057069,0.242538,0.090106,1.069652,1.686382,1
MATERIALES CONSTRUCERAMICAS LTDA EN REORGANIZACION,0.02532649,0,0.013784,0.00009,0.76633,0.115198,0.674897,1
MATERIALES ELECTRICOS DE COLOMBIA SAS - EN REORGANIZACION,-0.160293718,0,-0.160294,1.290989,1.024241,0,0.102736,1
MAXIPORCINOS SA EN REORGANIZACION,0.013829897,0,0.01383,0.005538,0.140052,0,0.72386,1
MAZIVO GROUP SAS EN REORGANIZACION,0.015859157,0.042619,-0.048847,0.105568,0.083239,0,-0.047497,1
MEDICINA Y TECNOLOGIA SAS EN REORGANIZACION,0.01767029,0.005715,0.011366,0.692362,0.397965,0.170749,1.04135,1
MEGA ANDINA SAS EN REORGANIZACION,-1.853646813,0,-1.853647,13.947244,8.19733,-0.122968,0.022746,1
MERCAFACIL INDUSTRIAL S.A.S. EN PROCESO DE REORGANIZACIÓN,0.060426436,0.009551,0.016902,0.150702,0.213988,0.167455,0.161048,1
META FISH & FOOD COMPANY SA EN REORGANIZACION,0.014243877,0,0.014244,0.028594,0.055832,0.146765,6.255024,1
METALES Y EXCEDENTES RECUPERADOS S.A.S EN REORGANIZACION,0.037095664,0.034523,-0.007242,0.006541,0.030493,0.180166,0.633878,1
METALEX INTERNACIONAL SA EN REORGANIZACION,0.043567361,0.004652,0.025295,0.966267,0.174332,0,0.483966,1
METALURGICA DE SANTANDER SAS EN REORGANIZACIÓN,0.141582431,0.047986,0.055594,0.238125,0.101223,1.693587,1.742407,1
MICROMEDICA SAS - EN REORGANIZACION,-0.191116175,0.021881,-0.269703,0.123508,0.585036,-0.103524,1.02963,1
MINERALEX LIMITADA EN REORGANIZACION,0.174099174,0.078137,0.091901,0.475269,0.12904,0.273608,-0.240955,1
MIRS LATINOAMERCA SAS EN REORGANIZACION,0.159571206,0.000698,0.103268,2.970262,0.017595,0,3.464612,1
MM PLATA SAS EN REORGANIZACION,-0.122247404,0,-0.122247,0.203569,0.811112,-0.170465,-0.222947,1
MONTACARGAS EL ZAFIRO S.A.S. EN REORGANIZACION,0.139934838,0.018947,0.078643,0.095974,0.083831,0,0.305907,1
MONTAJES DAYPED SAS EN REORGANIZACION,0.075492719,0.032354,0.027751,0.357918,1.022255,0.28099,0.260702,1
MONTAJES Y MANTENIMIENTOS DE TORRES SAS EN REORGANIZACION,0.106146117,0.099735,0.010062,0.319777,0.368574,0.209481,0.26971,1
MONTES S.A. - EN REORGANIZACION,-0.029884268,0,-0.03786,0.446228,0.09941,-0.630734,0.3154,1
MULTIPARTES INDUSTRIAL SAS EN REORGANIZACION,-0.124499965,0.002825,-0.160517,1.665829,0.110138,0,2.247972,1
NACIONAL DE PERFORACIONES SAS EN REORGANIZACION,0.067688186,0,0.03534,1.484605,1.113008,0,0.096676,1
NITROACRYL DE COLOMBIA S.A.S EN REORGANIZACIÓN,-0.015466118,0,-0.015822,0.117224,0.213585,-0.153611,0.748191,1
NSP DE COLOMBIA SAS EN REORGANIZACION,0.079126746,0.031008,0.021795,0.62927,0.017266,0.094583,0.853268,1
OFICOMCO S.A.S EN REORGANIZACION,-0.279428805,0.206936,-0.504673,0.388893,2.272713,-0.129868,-0.505159,1
OINC SAS EN REORGANIZACION,0.015599444,0,0.015599,0.173504,0.051059,0.197976,1.132374,1
OMEGA INGENIERIA SAS EN PROCESO DE REORGANIZACION,0.093425581,0,0.060726,0.869545,0.050451,0,2.431751,1
OPERACION Y LOGISTICA SAS EN REORGANIZACION,0.253507951,0,0.253508,1.832775,1.278892,0.159205,0.801276,1
OPERADORA DE FRANQUICIAS DE COLOMBIA SAS EN REORGANIZACION,-0.01616416,0.035738,-0.050292,0.019947,0.060809,-0.204299,-0.410662,1
ORTIZ MUÑOZ GALINDO INGENIERIA S.A.S. EN REORGANIZACION,0.097396702,0,0.041778,2.105742,3.534599,0.028199,0.487812,1
OSC TELECOMS & SECURITY SOLUTIONS  SAS - EN REORGANIZACIÓN,0.123517492,0.030379,0.07867,0.483116,0.485727,0.173664,0.164743,1
OSPINA GRASAS Y PIELES SAS EN PROCESO DE REORGANIZACION,-0.216478223,0,-0.221527,0.389501,0.833915,-0.457809,-0.019761,1
OSTEOMEDICAL SAS EN REORGANIZACION,0.139651655,0.058967,0.037904,0.306039,0.406333,0.187268,0.044836,1
OUTSOURCING EXPRESS SAS EN REORGANIZACION,0.011567673,0.00417,0.007436,5.463789,3.337465,0.007162,0.029666,1
PALMAR DE SANTA BARBARA SAS EN REORGANIZACION,0.07579707,0.034638,0.026122,0.299068,0.118529,0,0.619956,1
PALMAS DE BELLAVISTA SUR DE BOLIVAR S. A. S. EN REORGANIZACION,-0.014595769,0,0.074251,0.31036,0.467041,-0.007473,1.572674,1
PARQUE NACIONAL DE LA CULTURA AGROPECUARIA SAS EN PROCESO DE REORGANIZACION,0.079069812,0.039072,0.015446,0.087571,0.564594,0.106646,0.702479,1
PERDOMO Y ASOCIADOS SAS EN REORGANIZACION,0.118600123,0,0.074762,4.263912,0.114021,0,1.381666,1
PERFOTEC SAS EN REORGANIZACION,-2.91309968,0,-2.9131,0.58424,0.528407,-1.782448,-0.419278,1
PETROLAND SAS EN REORGANIZACION,0.115135836,0.078659,0.023699,0.967358,0.24765,0,1.190172,1
PETROLEUM COLOMBIAN SERVICES SAS EN REORGANIZACION,0.036355784,0.035042,0.000862,1.8949,0.095048,0.182586,0.194501,1
PLASDECOR DE MONTERIA SAS EN REORGANIZACION,0.024309114,0.039076,-0.014767,0.565549,0.469233,0.087274,0.153459,1
PLASTICARIBE SAS EN REORGANIZACION,0.12782127,0.123385,0.00415,0.146261,0.114376,0,0.555447,1
PLASTICOS CALIDAD Y COMPAÑIA SAS EN REORGANIZACION,0.019156971,0.013667,-0.002659,0.094436,0.012593,0,0.155534,1
PLASTICOS MONCLAT SAS EN REORGANIZACION,0.029850751,0.031307,-0.003627,0.156809,0.206933,0.166513,0.05421,1
PLASTICOS THERMOPLAST LTDA EN REORGANIZACION,0.173243829,0,0.112608,0.29184,1.081289,0.058736,0.493868,1
POLITECNICO CIANDCO SAS EN REORGANIZACION,0.382081182,0.031686,0.350395,1.26099,0.515009,0,0.379889,1
POLLO ANDINO SA EN REORGANIZACION,0.158218953,0,0.108428,0.012178,0.025119,1.461832,1.877955,1
POLLOS TROPICAL SAS EN REORGANIZACION,0.08550509,0.024822,0.040874,0.033634,0.015034,0.525214,0.497929,1
POWERLINE WIRELESS COMMUNICATIONS SAS EN REORGANIZACION,0.01820642,0,0.018206,1.591619,0.086853,0.013671,0.662338,1
PRINCEX CI DE COLOMBIA SAS EN REORGANIZACION,0.488164657,0,0.482893,0.055267,0.812213,0.071829,-0.301285,1
PROACEROS DE OCCIDENTE SA EN REORGANIZACION,-0.045271594,0.005605,-0.050876,0.133583,0.105159,-2.659433,0.342021,1
PROALIMENTOS LIBER SAS EN REORGANIZACION,0.184273272,0.131818,0.048426,3.413418,0.384136,0.039892,1.361218,1
PROCESUR FR SAS EN REORGANIZACION,0.045029905,0.009074,0.024848,0.069958,0.053387,0.993767,0.309815,1
PRODUCTORA DE ALIMENTOS Y AGROGANADERA LA DORADA SAS EN REORGANIZACION,0.113133626,0.022079,0.095469,0.009689,0,0.007589,0.133834,1
PRODUCTORA DE CEMENTO SAS EN REORGANIZACION,0.301588039,0.018579,0.162539,0.395153,0.101192,4.882634,0.373864,1
PRODUCTOS LACTEOS EL TORO SAS EN REORGANIZACION,0.027301356,0.020044,0.000782,0.158401,0.019132,0.075504,0.618696,1
PRODUCTOS VARIOS PRODUVARIOS S.A. EN REORGANIZACION,-0.030172993,0.176039,-0.078003,0.041232,0.271409,-0.121793,0.257593,1
PROHESA SAS EN REORGANIZACION,0.016843216,0.078101,-0.061257,0.255172,0.842605,0.032912,0.123354,1
PROYECTAMOS SEGURIDAD LTDA. EN REORGANIZACION,0.051710926,0.042461,0.006013,0.177631,0.00244,0.896619,0.88748,1
PT INGENIERIA DE PROYECTOS SAS EN REORGANIZACION,0.037785089,0.000066,0.014412,0.891631,0.27856,1.772569,1.65971,1
PUBLI-FIBRA S.A EN REORGANIZACION,0.003270995,0.005539,-0.00287,0.10184,0.213575,0.007019,0.319559,1
PUNTO LOGISTICO SAS EN REORGANIZACION,-0.164186964,0,-0.208106,0.743991,1.056702,0,-0.101695,1
Pelpak SA En Reorganizacion,0.065559123,0.065201,0.011603,0.182503,0.392611,0.202173,0.453226,1
QUALITY MINING SYSTEMS COLMAC SAS EN REORGANIZACION,0.072463042,0,0.041932,0.23142,0.112336,0,1.086233,1
QUEST INTERNACIONAL SA EN REORGANIZACION,0.116838523,0.006709,0.075649,0.246675,0.264262,0.219277,-0.449115,1
QUIFARCOS S.A.S EN PROCESO DE REORGANIZACIÓN,0.033474352,0,0.01999,0.027728,0.814477,0,0.242241,1
QUIMICOS JM SAS EN REORGANIZACION,0.002897755,0.002664,-0.044057,0.517224,0.332118,0,-0.546462,1
QUIMICOS NOURTH SAS EN REORGANIZACION,0.070118827,0.003426,0.056175,0.020109,0.036802,0,3.061011,1
QUINTEC QUIMICA Y TECNOLOGIA SAS  EN REORGANIZACION,0.051895632,0,0.051896,0.144703,0.117706,0,0.221879,1
RADIO MUNERA SAS EN PROCESO DE REORGANIZACION,-0.925856698,0,-0.925857,0.557009,0,0,-0.229428,1
RECOVERY & SERVICES S.A.S. EN REORGANIZACIÓN,-0.251432389,0,-0.240726,0.062377,0.054394,-0.322437,0.07002,1
REDES Y PROYECTOS DE ENERGIA S A EMPRESA MULTINACIONAL ANDINA - EN REORGANIZACION,-0.129618364,0.0081,-0.135265,0.764571,0.039698,-0.075166,-0.306231,1
REDESIS SAS EN REORGANIZACION,-0.13692547,0.046092,-0.183017,1.265144,0.185367,-0.078827,0.176756,1
REENCAUCHADORA DE LA SABANA LTDA - EN REORGANIZACION,-1.251654789,0,-0.79248,0.31538,0.520013,-0.28022,-0.431773,1
RGJV SOLORZANO S.A.S EN REORGANIZACION,1.752592075,0.033485,0.985987,0.738812,3.115299,0.050233,-0.085631,1
RIAPA ASOCIADOS S.A.S EN REORGANIZACION,0.051203455,0,0.051203,0.749287,0.125491,0,-0.608907,1
RM SERVICIOS INTEGRALES MOCTZUMA SAS - EN REORGANIZACION,0.107094206,0.025737,0.052994,0.14222,0.025803,0,0.305258,1
RYM SOLUCIONES INTEGRALES SAS - EN REORGANIZACION -,0.059851344,0.046759,0.008791,0.338741,0.137286,0.38912,0.366286,1
SALSAMENTARIA PERLA DEL OTUN LTDA EN REORGANIZACION,0.031327965,0,0.031328,0.062846,0.555623,0,0.213687,1
SANCHEZ CONSTRUCCIONES SAS-EN REORGANIZACION,-0.979773181,0.00438,-0.980197,0.00996,1.622248,0,-0.363094,1
SEMTEL INGENIERIA S.A.S. - EN REORGANIZACIÓN,0.022444849,0.08248,-0.076266,0.558651,0.210969,0.024768,-0.319086,1
SERFELSA LABORATORIOS LIMITADA EN REORGANIZACION,-0.219509596,0.023446,-0.242956,0.336236,0.424608,-0.65019,-0.237717,1
SERVICIO DE MERCADEO TEXTIL SAS SERMETEX SAS EN REORGANIZACION,0.021168755,0,0.026461,0.176075,0.138427,0.180578,0.60004,1
SERVICIOS PETROLEROS SERPEL SAS-EN REORGANIZACION,0.080998808,0.03491,0.026363,0.178762,0.126881,0.108565,0.821583,1
SERVICIOS TRH S.A.S. EN REORGANIZACIÓN,0.062138615,0,0.051756,0.59719,0.043249,2.997696,0.412267,1
SERVIMINAS S A S EN REORGANIZACION,0.054770981,0.047902,0.004653,0.660762,0.999343,0,0.697296,1
SOCAR INGENIERIA SAS EN REORGANIZACIÓN,0.05952141,0.00805,0.030883,0,0,0.007266,1.387686,1
SOCIEDAD AGROINVERSIONES LA GERMANIA SAS EN REORGANIZACION,0.191539022,0.011122,0.165607,0.215335,0.131147,0.34254,3.549457,1
SOCIEDAD ASESORES Y AJUSTADORES JURIDICOS Y CIA SA-EN REORGANIZACION,0.109738146,0.010538,0.058307,2.23629,1.21058,0,0.907624,1
SOCIEDAD MEJIA ISAZA SAS EN REORGANIZACION,0.088335233,0.049558,0.569216,0,0.966106,0.03321,2.147291,1
SOCIEDAD PRESTADORA DE SERVICIOS PANACA SAS EN PROCESO DE REORGANIZACION,0.033208647,0.047096,-0.0277,0.131074,0.067758,0,0.138568,1
SOLUCIONES INTEGRALES DE OFICINA SAS EN REORGANIZACION,-0.004033438,0,0.048769,1.240218,0.038281,-0.002928,0.507652,1
SOLUCIONES MECANICAS GLOBALES S.A.S - EN REORGANIZACION,0.168905548,0.067151,0.04365,0.466333,0.364183,0.250063,0.636338,1
SOLUTIONS INC SAS EN REORGANIZACION,0.021327366,0.015966,0.003753,0.372858,0.035909,0.156304,0.398039,1
SPARCOL CHEMICALS & LIFE SAS EN REORGANIZACION,0.175597619,0.012383,0.110152,0.170063,0.348175,1.016355,0.276327,1
SUASEC LTDA EN REORGANIZACION,0.019883503,0,0.012925,1.916279,1.240851,0.009356,-0.029789,1
SUINCO DEL NORTE S.A.S EN REORGANIZACION,0.246575342,0,0.246575,0.152218,0.042118,2.09375,1.112265,1
SUMINISTROS TECNICOS PETROLEROS SAS EN REORGANIZACION,-3.520329987,0,-3.52033,0.524696,0.219694,-0.596028,-0.053529,1
SUMIPARTS SAS EN REORGANIZACION,0.035515302,0.043777,-0.007256,0.141956,0.136899,0.169237,-0.070546,1
SUSTANCIAS BASICAS COLOMBIANAS SBC S A S - EN REORGANIZACIÓN,0.371610838,0,0.115846,0.092097,0,0,-0.172381,1
SYM COMPUTER SAS EN REORGANIZACION,-2.336166963,0,-2.336167,0.00368,1.340841,-2.390277,-0.85598,1
TALLERES UNIDOS LTDA EN REORGANIZACION,0.198118472,0.065147,0.072177,0.040412,0.026996,0.986414,0.879333,1
TECNITANQUES INGRENIEROS  SAS EN REORGANIZACION,0.088785767,0.039134,0.015336,0.19086,0.059984,0.752418,0.752904,1
TECNOLOGIA DE LA INFORMACION Y LAS TELECOMUNICACIONES DE COLOMBIA SAS EN PROCESO DE REORGANIZACION,-0.28278269,0.024927,-0.307632,0.682844,0.161671,-0.298562,0.330109,1
TECNOPROCESOS SAS EN REORGANIZACION,0.04453019,0,-0.044081,0,0.381529,2.342904,1.008875,1
TECS S.A.S. EN REORGANIZACION,0.001586823,0,0.001587,0.268225,0,0,3.502879,1
TEXTILIA SAS EN REORGANIZACION,-0.172166079,0.318422,-0.443526,0.296056,0.937987,-0.086943,-0.14242,1
TODOSISTEMAS OLUCIONES DE TECNOLOGIA DE INFORMACION SAS EN REORGANIZACION,0.114797698,0.018418,0.062647,0.512949,0.13077,0.148625,1.164305,1
TOPCROC SAS EN REORGANIZACION,-0.411621635,0.221462,-0.633083,7.730977,1.486087,-0.142093,0.172167,1
TORRESCAR SA EN REORGANIZACION,-0.198638741,0,-0.194121,0.709941,0.075258,-0.312583,0.482215,1
TOTAL GAS S.A. EN REORGANIZACION,0.102518665,0.192796,-0.090278,0.017002,0.180785,0,-0.907953,1
TOWERTECH AMERICAS SAS EN PROCESO DE REORGANIZACION,-0.31763666,0.14567,-0.488233,0.263676,2.058983,0,0.850985,1
TRACTEC SOCIEDAD POR ACCIONES SIMPLIFICADA BIC EN REORGANIZACION,0.023404606,0,0.003221,0.027199,0.082436,0.033593,0.740622,1
TRANSMIPET SAS EN REORGANIZACION,0.043567616,0,0.027317,0.401788,0.533146,0,0.103543,1
TRANSPORTADORES LA COROCORA SAS EN REORGANIZACION,0.025216189,0,0.010397,0.401042,0.691024,0.289014,0.077172,1
TRANSPORTES ESPECIALES TOURS DEL VALLE LTDA EN REORGANIZACION,0.164952563,0,0.10188,0.596481,0.383686,0,1.467281,1
TRANSPORTES MESY S.A.S. EN REORGANIZACION,0.037989105,0.012116,0.024312,0.117532,0.058442,0.195588,0.996773,1
TRANSPORTES ORSAL S.A.S EN REORGANIZACION,0.051545583,0,0.051546,0.462998,0,0.11695,0.920062,1
TRASLAVIÑA GONZALEZ FORERO S.A.S. EN REORGANIZACION,1.287774098,0,1.228915,0.000905,0.104702,0,0.342001,1
TWENTY AGENCIA CREATIVA SAS EN REORGANIZACION,0.08273313,0,0.051339,0.123907,0.044578,0,0.915269,1
UNIVERSAL PACK GROUP S.A.S EN REORGANIZACIÓN,0.030204468,0.014433,0.002216,0.338673,0.432506,0.160883,0.184742,1
VALCHARO CONSTRUCTORES S.A.S. EN REORGANIZACIÓN,0.08192489,0.034244,0.020495,4.651835,0.050855,0.029654,0.626657,1
VALENCIA Y SOTO SA EN REORGANIZACION,0.003112595,0.069655,-0.0521,0.150342,0.520895,0.003766,0.762323,1
VALERY ROSSI S.A.S. EN REORGANIZACION,0.041186828,0.003389,0.023597,0.328835,0.844209,0,0.237377,1
VALMEC SAS EN REORGANIZACION,0.048866841,0,0.031563,0.219948,0.381519,0,2.248767,1
VENTAS DOBLE G S.A.S. EN REORGANIZACION,0.04750927,0.038345,0.005399,0.129379,0.130226,0.659611,0.056807,1
VERTICAL DISEÑO SAS EN REORGANIZACION,0.176542248,0.12487,0.051672,0.770105,0,0,0.747903,1
WELLNESS CENTER MDI MARINO SAS EN REORGANIZACION,-3.392503401,0,-3.392503,0.363295,0.229142,0,1.016456,1
WILLIAM CHAMS S.A.S. EN REORGANIZACION,-3.303609211,0,-3.303609,0.229902,8.016366,-2.791514,-0.768305,1
WINGS BOGOTA SAS - EN REORGANIZACION,0.017792918,0.03418,-0.028435,0.071713,0.128355,0.427455,-0.674946,1
WORLDTEK SAS EN REORGANIZACION,0.066597295,0,0.036097,0.492454,0.122773,0.191984,0.518384,1
XP COLOMBIA SAS EN REORGANIZACIÓN,-0.028102307,0.044835,0.019752,3.572099,0.330121,-0.036478,0.24817,1
ZORB PUBLICIDAD SAS EN REORGANIZACION,0.113625218,0,0.070927,1.109442,0.378661,0.103108,0.295738,1
power motors yamaha s.a.s en reorganizacion,0.022596446,0.00371,0.018887,0.161363,0.033019,0,0.21598,1
pradcel ingenieria  sas sociedad por acciones simplificadas en reorganizacion,0.14771824,0.003354,0.144365,0.93864,0.000334,1.608498,0.198543,1
sincotel solutions sas en reorganizacion,0.176937288,0.00906,0.085863,3.44497,1.138097,0.685661,1.864734,1
