X1,X2,X3,X4,X5,X6,X7,X8,Y1
0.981083468,515.9922702,293.4561702,107.930072,7.044631965,1,0,0,21.33194238
0.979897467,515.4574333,296.9321235,110.9142024,7.660848227,2,0,0,21.32901951
0.981918755,515.4559702,294.6213746,107.9021998,7.343963681,3,0,0,21.33031195
0.977304852,516.7610225,291.3934392,109.8962653,7.294495987,4,0,0,21.32908015
0.896620328,561.8721837,323.1659849,120.4242918,7.097729885,1,0,0,28.28044369
0.902526961,563.6049123,322.1792825,120.7039141,6.62232936,2,0,0,25.3791937
0.900571917,560.3803548,316.7099992,121.4524351,7.11754542,3,0,0,25.16057398
0.89626433,567.8757843,323.2837754,124.3925601,7.458470874,4,0,0,29.60192831
0.862143425,586.4597922,289.9259741,149.349303,6.421260421,1,0,0,27.2983705
0.856964538,585.7022313,289.2121907,148.4747941,6.436501415,2,0,0,21.970992
0.857710089,583.1141816,296.8041231,145.2014524,7.561112454,3,0,0,23.49156547
0.862621023,589.2997001,289.4071469,146.6684061,7.444084619,4,0,0,27.87038709
0.816650778,610.1835349,318.5811828,148.5506645,6.491400632,1,0,0,23.7711823
0.816829838,613.4614772,322.607809,144.6774368,7.568815347,2,0,0,21.45926926
0.817693665,613.3536009,316.7125382,146.2205975,6.443749787,3,0,0,21.16043693
0.816766769,613.3319852,314.6979667,145.8024277,7.024484893,4,0,0,24.93175706
0.786541394,641.7169834,338.6289819,147.6425881,6.894311377,1,0,0,37.73079368
0.790130866,637.2710032,342.3417906,145.0522299,6.642010245,2,0,0,31.27074738
0.791212588,640.9982537,345.0843257,146.9204563,6.73969114,3,0,0,30.92992892
0.791246149,639.7355418,345.3331247,145.9757015,6.848920383,4,0,0,39.43940582
0.759406452,660.9228965,420.5753476,123.4156054,7.470782676,1,0,0,29.79093188
0.761977351,663.3981971,416.8944304,123.0497021,6.447206329,2,0,0,29.67829113
0.759921505,660.2342824,421.0292536,120.7280267,7.000297091,3,0,0,29.79110728
0.762515927,659.9836282,414.6850051,120.6066196,7.678042292,4,0,0,29.39878565
0.743908568,686.6142905,248.5373779,221.1097336,3.264788899,1,0,0,10.8999916
0.736122672,688.6268034,243.2947007,218.2315652,3.525634111,2,0,0,11.18848738
0.742847847,689.4129309,244.822869,218.9547875,3.882177681,3,0,0,10.9392118
0.742707874,688.8720089,248.4106793,221.7238514,4.151433526,4,0,0,11.16942183
0.711547146,715.1385871,267.8943657,218.8826503,3.498562476,1,0,0,11.26914301
0.711130584,708.201378,272.9580339,222.7515159,2.840822537,2,0,0,11.71984303
0.712950331,711.8657904,265.2336679,221.4177032,3.602639814,3,0,0,11.2880923
0.706716809,709.0588901,272.5349612,218.5697182,3.127286054,4,0,0,11.66843606
0.693476489,739.122844,297.6805611,219.0639079,3.054925583,1,0,0,11.74169095
0.687578556,736.1457528,295.1385726,218.8554704,3.874994747,2,0,0,12.04927449
0.693533456,737.5780452,295.3954299,221.038986,3.560171586,3,0,0,11.72821349
0.692010667,731.1921387,290.6047903,219.5082037,4.182161377,4,0,0,11.92933967
0.663760967,757.212406,316.2918177,218.5758472,3.186993587,1,0,0,12.39811681
0.658984844,760.6993462,320.8667096,219.4303307,3.65583526,2,0,0,12.22992327
0.662733182,756.4921062,318.7027359,219.2237153,2.89757143,3,0,0,12.39859633
0.660546236,758.8822363,316.8189684,219.6731357,4.180972025,4,0,0,12.14141907
0.641958959,785.3228173,347.7620236,221.372585,3.813026515,1,0,0,16.77940516
0.643657555,783.4997602,345.4162518,221.4336314,3.527663857,2,0,0,16.80050593
0.638798262,781.5450261,346.9972358,220.7410475,3.518552802,3,0,0,16.7491394
0.642363212,785.6439063,345.1510452,220.2023221,3.403120638,4,0,0,16.66975119
0.619010981,804.9158286,371.2839728,222.7688743,4.000083356,1,0,0,12.07078711
0.617371735,810.8915663,371.6625549,221.6502243,3.724177749,2,0,0,12.21885063
0.619725742,807.5835958,370.6731487,219.6318487,3.75398461,3,0,0,12.08161587
0.622199154,805.0909979,367.2538924,221.0349373,3.240796256,4,0,0,12.03827382
0.981654676,518.3778084,298.7259903,109.0152745,6.704058975,1,0.1,1,26.4700368
0.979038533,515.468475,292.2563895,108.0547499,7.253847506,2,0.1,1,26.36980881
0.979549539,510.5449636,291.4179942,109.6114341,7.078290526,3,0.1,1,26.44124958
0.978195678,518.0430458,295.9009358,112.3897938,6.966079996,4,0.1,1,26.29145901
0.903756058,561.0062353,315.2976725,123.8989695,6.780675153,1,0.1,1,32.91883003
0.902711031,559.0968719,316.9221645,122.4828856,7.272215188,2,0.1,1,29.87175719
0.903471297,567.9398567,315.5980017,124.688987,6.628658225,3,0.1,1,29.57879316
0.903057616,567.7782453,322.7438063,124.0025122,6.956915042,4,0.1,1,34.33152835
0.862268844,583.5254177,298.5375613,149.3621088,7.556228897,1,0.1,1,30.8890631
0.862901443,586.4273394,289.1857236,147.0393613,7.515186223,2,0.1,1,25.59903642
0.863736909,590.116017,295.2983633,146.6840813,6.813406369,3,0.1,1,27.03152819
0.857879138,590.94771,296.8508268,144.8082109,7.340836169,4,0.1,1,31.73094112
0.823260186,614.3773543,323.3451966,147.2942821,6.449739821,1,0.1,1,27.31057773
0.81874165,615.3420513,321.7814341,149.3731485,7.474954003,2,0.1,1,24.91184285
0.823657417,612.8575684,317.8109184,144.9093918,7.451449326,3,0.1,1,24.60844454
0.819009518,611.4821794,322.0950248,148.6005312,6.6236288,4,0.1,1,28.50987266
0.786384933,639.8392315,344.3286979,145.6509994,6.787119187,1,0.1,1,41.68068793
0.789065245,632.6381559,338.980899,148.1349304,6.354042135,2,0.1,1,35.28025132
0.789990808,635.4770504,346.5575502,145.1401928,6.936907141,3,0.1,1,34.43024345
0.789304199,634.7772651,340.1236363,147.4489389,7.487085193,4,0.1,1,43.33194608
0.756631056,663.1059243,418.1214333,124.2884274,7.161701733,1,0.1,1,33.8700715
0.757744179,657.6793993,419.2108663,123.4660031,7.429263918,2,0.1,1,34.06802877
0.760851648,660.3259683,414.9359468,124.7010838,7.661636901,3,0.1,1,34.141748
0.757106949,663.1831567,420.0456092,122.4036565,7.302749144,4,0.1,1,33.67076254
0.740446612,683.8563222,243.7829475,219.6067313,4.116342746,1,0.1,1,13.42864008
0.740256936,681.365126,249.1672423,222.2176148,3.969984671,2,0.1,1,13.70885532
0.73846618,688.6723677,247.90634,218.0882676,3.251706471,3,0.1,1,13.47810675
0.741301204,689.0172929,243.8886636,218.2287226,2.892640804,4,0.1,1,13.69921952
0.709684853,712.7019428,265.9068967,221.7369099,3.056077031,1,0.1,1,13.79947882
0.70660581,707.758662,270.3328526,221.5427661,4.094923183,2,0.1,1,14.27818459
0.712718739,712.4929779,268.8996755,221.7805745,3.838479478,3,0.1,1,13.86878481
0.713096514,711.3037382,270.8068064,222.6536474,4.067775729,4,0.1,1,14.26971223
0.692888516,735.0609935,289.5343239,219.8995781,3.280057516,1,0.1,1,14.27941573
0.68980051,732.9167579,289.1763145,219.8557848,2.883103261,2,0.1,1,14.60886105
0.689589626,733.2582193,292.1157596,222.7632438,4.015018524,3,0.1,1,14.30185042
0.691068424,737.7724182,298.6796159,219.300695,3.536434208,4,0.1,1,14.44973494
0.662287301,762.9710861,323.061341,220.1794168,2.915896091,1,0.1,1,13.90019971
0.656670912,761.4746027,315.8035339,220.5303654,3.271299831,2,0.1,1,13.71908498
0.663830307,761.1205366,316.0872352,218.2329317,4.071795204,3,0.1,1,13.8792562
0.656847046,762.6576384,317.7963789,218.315176,3.089370602,4,0.1,1,13.64914328
0.640917896,779.9465149,342.1027903,222.4233127,4.177176592,1,0.1,1,19.37031323
0.637107006,783.8031151,342.001659,220.6655667,4.005843062,2,0.1,1,19.4302486
0.642789991,787.9195317,342.3155553,222.2976622,3.398311586,3,0.1,1,19.3404356
0.641724151,786.7802238,342.4061017,220.2818084,3.294027812,4,0.1,1,19.32043158
0.623963367,807.3255919,363.4676591,222.1605312,3.238948845,1,0.1,1,14.33952228
0.622961057,808.1697301,365.6354092,218.6836446,3.280158063,2,0.1,1,14.50081583
0.620839104,811.0911802,363.8481092,221.0428042,3.424863563,3,0.1,1,14.33085526
0.618491366,809.2623659,368.1765205,219.7918219,3.286403804,4,0.1,1,14.26844996
0.977653406,518.1143082,297.9909289,108.6601821,7.306835743,1,0.1,2,25.95042195
0.98168909,519.0772873,295.9920691,110.696949,7.652537167,2,0.1,2,25.63198533
0.982077432,509.6129202,295.8517082,111.4527202,6.648173922,3,0.1,2,26.13105475
0.977881813,510.7139228,295.833961,109.0015494,7.287581638,4,0.1,2,25.89189667
0.901830856,559.7300866,320.9078711,124.4071165,6.847716411,1,0.1,2,32.54064641
0.901577714,561.7593535,314.2815687,120.8249602,7.382979113,2,0.1,2,29.44135703
0.899791088,561.4490649,316.8990991,124.4819876,7.459230047,3,0.1,2,29.35829403
0.896678154,566.5374821,323.2087549,121.8292052,6.465691416,4,0.1,2,34.20112206
0.856458149,588.6728347,298.8482687,145.5579321,7.685859134,1,0.1,2,30.90958215
0.856644467,588.8719584,296.5608306,145.9829391,6.743870429,2,0.1,2,25.63053973
0.859361475,587.2012956,291.6184902,146.703374,7.52615448,3,0.1,2,27.35932499
0.860997673,590.7210309,296.1093238,145.5343918,7.115011854,4,0.1,2,31.89856616
0.818929774,612.4687239,314.6702145,146.5348994,6.558368988,1,0.1,2,27.3816415
0.819165454,609.4811543,318.4040768,145.8272647,7.677237146,2,0.1,2,25.01889671
0.823923696,614.5923579,320.6887037,146.2255651,6.748497172,3,0.1,2,24.80069297
0.820671575,612.0452102,317.9205942,146.3889889,6.947168993,4,0.1,2,28.79013127
0.78728979,638.5511435,340.8632875,148.2553268,6.645370346,1,0.1,2,41.07026158
0.792053785,634.6985978,343.617987,147.2624579,7.095312632,2,0.1,2,34.62025051
0.792249452,634.1120666,344.934067,148.7795978,6.606301524,3,0.1,2,33.87042624
0.790085975,636.0777846,339.5308613,145.2535577,7.395446343,4,0.1,2,42.85805761
0.758431704,656.7371325,413.6529731,120.9847498,7.444752579,1,0.1,2,33.90821033
0.757976191,658.5241029,415.1890223,122.0661091,6.552110838,2,0.1,2,34.06932275
0.762060065,660.2528318,414.7887976,123.4884641,6.770688117,3,0.1,2,34.16820671
0.762907021,664.821755,415.4508869,121.2673078,7.332728009,4,0.1,2,33.77841422
0.736865972,684.4439269,243.4989395,220.0959592,3.078008172,1,0.1,2,13.38898914
0.741751724,689.5124251,244.6296092,220.4964263,4.163021314,2,0.1,2,13.71923335
0.740985213,687.2709732,240.8018969,220.9384114,3.752838596,3,0.1,2,13.5688275
0.7401346,684.4862689,245.0788682,218.703655,3.158202022,4,0.1,2,13.79166596
0.710092812,708.1443922,268.7512728,219.5632511,4.182653399,1,0.1,2,13.67170497
0.712714523,706.1957307,265.3656165,220.6724918,3.817188649,2,0.1,2,14.11135428
0.708224851,708.0174468,274.0093429,221.6281962,4.013984901,3,0.1,2,13.79951904
0.707565807,713.2242817,268.5179945,221.0191191,3.921854086,4,0.1,2,14.20899108
0.688090068,737.0360076,295.8112124,219.772252,3.125787672,1,0.1,2,13.20162333
0.69326624,739.6762473,292.0230196,221.9457167,3.789196752,2,0.1,2,13.53896668
0.692980951,734.0023201,298.718755,219.531538,3.143428029,3,0.1,2,13.32185718
0.686232201,730.1187871,294.0497855,220.9687552,3.157055005,4,0.1,2,13.51159805
0.662646828,757.083798,317.5597112,222.3935689,2.913514455,1,0.1,2,14.85976906
0.661887638,757.9146079,315.2644317,221.6839143,2.802270365,2,0.1,2,14.7495276
0.66206919,760.4004121,322.668812,218.6898387,4.129489822,3,0.1,2,15.00062512
0.663431103,755.1745112,321.3897833,218.0707429,3.319059749,4,0.1,2,14.73891989
0.640549359,782.0819916,347.2925598,220.7974061,3.621112114,1,0.1,2,19.22809515
0.643107131,786.6605196,344.1882686,222.2567287,3.021674715,2,0.1,2,19.34030589
0.641562331,782.6882428,343.8577324,219.236415,3.426289353,3,0.1,2,19.31871353
0.638722627,788.7964523,346.9774902,222.2230576,3.758117863,4,0.1,2,19.29879044
0.623063938,804.4226468,371.1468613,218.89197,4.114850096,1,0.1,2,14.37118354
0.617786409,812.5745427,364.0589309,219.3696881,2.87429227,2,0.1,2,14.57188609
0.617597888,810.3984769,372.2084389,221.4237171,3.300991543,3,0.1,2,14.26842842
0.619392949,809.4746746,368.2161374,222.8656356,4.051725241,4,0.1,2,14.24153487
0.979854316,515.3405444,295.3179558,111.6467941,7.187038322,1,0.1,3,25.68104578
0.976420442,518.9922,294.1358711,109.838141,6.931319695,2,0.1,3,26.01832217
0.98082924,515.0954841,292.5130376,111.8567128,7.388194849,3,0.1,3,25.84090455
0.976695214,513.4186768,291.2590922,112.0452662,6.460303143,4,0.1,3,26.14171522
0.897699841,567.7101737,319.9637434,121.0815732,6.709519062,1,0.1,3,34.13975761
0.900831726,562.9991381,316.5441592,124.2925729,6.644676872,2,0.1,3,32.85030709
0.896582859,566.4334773,321.0944906,124.5828651,6.518706673,3,0.1,3,30.07906183
0.903022507,559.0247065,315.7005042,124.504621,6.948601693,4,0.1,3,29.66911503
0.860708601,584.5749491,289.6545501,146.9236856,6.668864924,1,0.1,3,31.73040795
0.859066236,587.9595773,296.1257222,147.5105013,7.310673321,2,0.1,3,31.00906232
0.857891031,591.5530858,292.2632683,149.324943,7.483508829,3,0.1,3,25.89978636
0.861978907,587.0623075,290.0440551,148.2777423,6.724533695,4,0.1,3,27.39814591
0.816579275,615.743696,318.881433,148.7549249,6.608576779,1,0.1,3,28.6783008
0.823317481,608.7110307,323.0965743,145.1088174,7.085697547,2,0.1,3,27.54150009
0.819468371,612.9160716,313.7010152,148.1079996,6.324727838,3,0.1,3,25.35106769
0.816921381,610.6607943,319.4835565,145.7483373,6.350796538,4,0.1,3,24.93151935
0.79259107,637.1934729,344.5151141,145.0423785,7.53310552,1,0.1,3,43.11911049
0.787538003,633.9465907,340.8007901,146.7059423,7.112017418,2,0.1,3,41.21941802
0.792459278,638.8100064,344.0056089,145.7543304,7.691539988,3,0.1,3,35.10193176
0.792954046,640.8711337,343.410472,149.3398467,6.44839114,4,0.1,3,34.29195015
0.763341686,656.6825868,415.8204933,120.8269545,7.373703412,1,0.1,3,33.85062723
0.762351612,663.6380179,412.5868803,121.3931628,7.354000755,2,0.1,3,34.11168052
0.756125031,659.5389044,416.1597432,122.7359759,6.738800882,3,0.1,3,34.47992556
0.7629287,661.8214328,420.9307463,124.2725227,6.391889669,4,0.1,3,34.49976371
0.741446533,685.7170099,247.4207956,220.440436,2.936863151,1,0.1,3,13.59946821
0.736887444,683.020192,249.2137567,221.5306115,3.626257377,2,0.1,3,13.36118421
0.739835508,687.9501677,242.1543095,218.4498249,3.704011858,3,0.1,3,13.65113633
0.739161023,683.5567932,240.4497266,222.4278662,3.819372476,4,0.1,3,13.49084868
0.7095294,712.8210365,265.7538277,218.3556989,3.670041437,1,0.1,3,14.14072858
0.710504811,710.6082622,267.1264021,221.0887737,2.808600244,2,0.1,3,13.76813119
0.71016827,715.2753295,271.5085094,221.1989349,3.961010509,3,0.1,3,14.30141197
0.713923346,710.9423798,269.9084743,222.0726255,3.403770033,4,0.1,3,13.87059394
0.692747549,734.7065682,295.0495336,219.1973792,4.087988659,1,0.1,3,14.44072327
0.687890843,736.273527,298.7724404,219.355111,3.341987298,2,0.1,3,14.2701703
0.686050913,735.8685236,293.0932963,220.0584291,3.854022298,3,0.1,3,14.67038957
0.686783161,739.5695852,293.2697597,221.9999382,3.142581998,4,0.1,3,14.40081394
0.6587374,763.989569,315.5301138,222.6285117,3.104739619,1,0.1,3,13.46060038
0.65748495,759.1740273,323.1889536,219.921698,4.113268,2,0.1,3,13.69929622
0.659237793,755.8027557,318.1198826,221.0066447,3.03452382,3,0.1,3,13.58935264
0.663457416,764.3788348,320.8340781,221.1246449,2.949791325,4,0.1,3,13.82926601
0.63639466,786.6806054,347.6046112,220.0853242,4.176230616,1,0.1,3,19.13941024
0.63934369,779.826353,345.4004846,221.6119607,3.490592391,2,0.1,3,19.18076902
0.642689826,787.3010058,339.4718206,222.4309389,2.846617908,3,0.1,3,19.3699712
0.640578457,787.2628841,341.3939355,218.2256949,3.657125089,4,0.1,3,19.29032349
0.616137174,809.297761,363.281917,222.0729162,3.612462678,1,0.1,3,14.08831645
0.622347311,807.7053395,372.3441088,219.3937118,3.130011656,2,0.1,3,14.22936482
0.619199302,807.3392972,371.9976687,222.1552773,3.165338488,3,0.1,3,14.14076917
0.619872835,807.781932,371.6235899,219.9694537,3.551281025,4,0.1,3,13.88933172
0.976884022,518.9962414,296.7042208,109.1958432,6.702508143,1,0.1,4,25.90813578
0.979768978,519.0609047,289.4432757,109.4517818,6.674856416,2,0.1,4,25.72177501
0.97769804,518.9126829,289.3780067,109.2338662,6.967956378,3,0.1,4,26.17909938
0.980716339,515.9894807,298.8820397,110.187287,7.054207784,4,0.1,4,25.86912191
0.900825542,567.2506926,314.9890595,124.6764779,6.569088091,1,0.1,4,29.34152104
0.899922918,566.3422312,314.2322216,120.7879827,7.156754611,2,0.1,4,33.90909628
0.89652148,561.3920421,320.4625399,121.7798917,7.401930581,3,0.1,4,32.8280731
0.899071845,565.8011002,318.5307158,120.6060761,7.60100923,4,0.1,4,29.9206524
0.862038088,585.1275961,298.4723981,148.4407286,7.193005089,1,0.1,4,27.16850183
0.860856696,589.0437839,294.5473518,147.1549215,6.545203164,2,0.1,4,31.75884725
0.857805939,583.4224864,292.2031125,149.0774567,7.193090876,3,0.1,4,31.06174881
0.860002643,585.6815726,297.4072543,148.8043624,6.632086375,4,0.1,4,25.81187439
0.822259996,617.3085362,316.1954078,149.3156816,7.496097609,1,0.1,4,24.61052793
0.82148417,616.7056731,317.8236188,146.6244089,6.734577225,2,0.1,4,28.60924708
0.8177851,609.2996893,322.7074814,147.3768238,7.288396684,3,0.1,4,27.57118226
0.819601595,617.3782519,318.1779272,147.924447,7.67414134,4,0.1,4,25.1584766
0.789375096,640.1146373,346.4737011,145.7166089,6.791041603,1,0.1,4,34.24952648
0.792125459,632.7327266,342.4869584,147.0579337,7.501377222,2,0.1,4,43.30145398
0.788426481,638.7482623,343.0215693,148.4848192,6.379270263,3,0.1,4,41.86160767
0.787927027,640.9237078,342.4026874,148.7488518,6.313097537,4,0.1,4,35.29131835
0.75662226,665.1130374,419.8461124,123.9758021,6.935240155,1,0.1,4,34.10817615
0.758370589,664.7788812,420.2304787,122.0307096,6.429577647,2,0.1,4,33.62029732
0.762597568,660.2439268,411.8370763,120.2645325,7.523172645,3,0.1,4,33.88983624
0.762629112,663.0096479,414.2733724,121.5582892,6.37848482,4,0.1,4,34.05164533
0.74000021,681.602914,241.1140947,219.1840208,4.183461498,1,0.1,4,13.1980988
0.738769746,685.877079,246.4516689,221.5783781,4.167077972,2,0.1,4,13.36137214
0.73984174,690.7270798,243.461056,218.8019892,3.56315346,3,0.1,4,13.20822044
0.741538217,683.3677425,240.7230418,218.3503328,2.927421887,4,0.1,4,13.52948335
0.713978358,709.589958,265.1076309,221.5444584,3.456234158,1,0.1,4,13.67103092
0.709209475,711.9431893,272.4074617,222.6679297,3.860391319,2,0.1,4,14.12035767
0.709143311,713.9824066,272.264739,219.4275352,4.056887552,3,0.1,4,13.79175966
0.708833091,710.3396803,271.3158818,222.5325677,3.975834748,4,0.1,4,14.20088911
0.68668268,739.4613897,295.6253225,220.6795509,3.145852491,1,0.1,4,14.29078706
0.69379069,732.6987645,292.5475892,222.4840626,3.61281737,2,0.1,4,14.49014176
0.691826629,733.483124,295.9791619,218.7195783,2.961024718,3,0.1,4,14.41842489
0.691833243,732.9818591,293.3675157,220.192467,4.042732615,4,0.1,4,14.73161789
0.658392706,755.7689722,322.2836375,219.0385205,4.083295311,1,0.1,4,14.85854555
0.663954202,760.2501683,322.2172642,218.2148017,2.901061119,2,0.1,4,14.67029953
0.659576821,756.9016235,317.8619703,218.9749307,2.818145005,3,0.1,4,15.00048686
0.657239997,759.8362026,314.2682588,222.0519959,3.551587317,4,0.1,4,14.83096677
0.641577609,783.2632932,341.0828,221.9778584,3.90745544,1,0.1,4,19.23940473
0.640709149,788.1742038,344.6154058,219.4123672,3.946773363,2,0.1,4,19.25152693
0.63753516,781.8698962,346.1436801,220.5360635,3.8922197,3,0.1,4,19.41960597
0.642315034,787.5382096,340.6752093,220.1359824,3.451821281,4,0.1,4,19.47876143
0.61750285,805.1265764,370.3789065,221.8112696,3.846334274,1,0.1,4,14.36847755
0.616529354,812.6870046,366.4866588,222.8560858,3.040181164,2,0.1,4,14.34050338
0.621926075,809.8334447,366.9207033,218.4933593,3.591093084,3,0.1,4,14.2783041
0.621474984,812.3129247,366.6127339,221.9212881,3.57896554,4,0.1,4,14.46887507
0.981282714,518.3679431,293.1877451,108.5571729,6.991626621,1,0.1,5,25.63894148
0.983555358,509.6836598,291.4734016,108.3755839,6.923310589,2,0.1,5,25.97824284
0.983058156,513.3480625,291.8693931,112.0344596,7.507506326,3,0.1,5,25.88087676
0.982035109,513.797185,289.9273426,108.2657358,6.409381883,4,0.1,5,26.18041612
0.900281772,563.0717693,318.2770827,123.5500261,6.506913215,1,0.1,5,29.81993979
0.900139982,564.7202851,319.8796868,124.2129281,6.987223049,2,0.1,5,29.51932711
0.899401537,566.1937594,322.3570077,120.6456421,7.648589749,3,0.1,5,34.4517439
0.89789388,562.5980654,314.6940297,120.8898213,6.667514799,4,0.1,5,33.01064725
0.859470087,588.6888491,290.9662497,148.6838228,6.776672281,1,0.1,5,25.82154963
0.857939605,585.5414235,296.4233334,146.279966,7.614756363,2,0.1,5,27.32896464
0.861816959,591.6027875,298.5628487,144.5752566,7.261521852,3,0.1,5,32.04175164
0.863411625,583.6750713,294.2381777,148.8326427,6.492428801,4,0.1,5,31.27984537
0.817992923,613.9131432,322.5163512,145.3147614,6.563059487,1,0.1,5,25.10843565
0.816946993,614.7725305,322.0879814,144.697225,7.412236776,2,0.1,5,24.76927742
0.816512694,613.9148145,316.3776292,147.9763251,6.619959087,3,0.1,5,28.87897993
0.817269311,607.6623409,318.3216873,147.1036371,7.173181186,4,0.1,5,27.68974819
0.791316478,637.9608674,345.6470849,146.3281898,6.398372519,1,0.1,5,34.99159735
0.790479771,641.5224519,341.449073,145.2385845,6.650005293,2,0.1,5,34.17975622
0.789229733,641.0420683,343.5796758,144.9558655,6.630445925,3,0.1,5,43.14188433
0.786399683,633.5984326,342.7280688,149.1915068,6.850278863,4,0.1,5,41.259545
0.758721531,657.5208689,413.2121494,120.0732774,7.538647395,1,0.1,5,34.24800553
0.763237417,659.3648066,418.5866077,122.7618107,7.38600879,2,0.1,5,34.35120648
0.759250649,658.0926458,420.5589787,120.6060738,6.599887391,3,0.1,5,33.63970274
0.762745874,657.3066794,421.2193318,120.4564942,6.840535104,4,0.1,5,33.88017525
0.740347266,683.3260595,241.6499566,219.0524295,3.333496508,1,0.1,5,13.65126547
0.743435051,681.114677,240.7789995,219.4115135,3.807523319,2,0.1,5,13.44015503
0.740862281,690.1349539,242.8095256,221.0506464,4.159740646,3,0.1,5,13.72053174
0.743863412,688.2027322,243.431393,218.9988606,4.072170646,4,0.1,5,13.49813397
0.712009981,710.6884346,271.9520589,221.1799771,3.203164084,1,0.1,5,14.1809691
0.709758947,707.4678666,269.7184808,222.1330178,3.721910119,2,0.1,5,13.75034796
0.70777945,706.642582,269.3756333,218.1361567,4.028010073,3,0.1,5,14.26170748
0.706270551,713.7487731,271.0517637,221.7082562,3.007018756,4,0.1,5,13.89033838
0.68982286,732.1942416,295.3627329,220.7866196,3.934228856,1,0.1,5,14.55187335
0.689460975,733.4891814,290.7639325,222.5931961,3.749085637,2,0.1,5,14.27835918
0.689811817,737.1547764,296.671417,220.2040479,3.371522805,3,0.1,5,14.46165952
0.687214018,736.2413972,298.2513331,219.5608339,3.350665423,4,0.1,5,14.38820202
0.662631638,762.9194792,319.9639254,219.2961306,3.662438522,1,0.1,5,14.53942675
0.663162007,755.0013875,317.9928334,219.4634205,3.01842276,2,0.1,5,14.80806875
0.663545253,759.8903064,316.9522197,221.4217113,3.988830525,3,0.1,5,14.65051312
0.663364062,763.0556186,317.487233,221.5574607,3.533034996,4,0.1,5,14.871228
0.640403396,786.1219238,346.2148699,222.9523115,3.901336923,1,0.1,5,19.24119851
0.637861152,784.6760629,347.4407313,221.9202282,3.443059699,2,0.1,5,19.17925003
0.640881323,786.6012453,345.6306293,222.335339,3.523379984,3,0.1,5,19.26179953
0.643812323,785.267995,345.6206336,219.7340975,3.749721122,4,0.1,5,19.28956876
0.617052494,806.2633521,364.4986444,218.9483849,3.705770277,1,0.1,5,14.2383445
0.619371516,805.5196091,366.1281495,222.4008343,3.177551786,2,0.1,5,13.96939328
0.618204407,811.0278111,369.1904634,218.4473994,3.439956497,3,0.1,5,13.98821598
0.620640539,811.7140678,364.9210364,221.5899797,4.126446825,4,0.1,5,14.15168954
0.983971698,515.3346275,289.5470921,109.2966341,7.168584669,1,0.25,1,29.78912362
0.976348946,515.415189,296.1191387,111.3304747,7.636134117,2,0.25,1,29.78863679
0.979212682,515.4024872,289.9462593,109.0403675,6.47485345,3,0.25,1,29.2780879
0.978659587,518.3803423,289.6162776,111.9230923,7.010128152,4,0.25,1,29.49088394
0.899267152,562.4853797,313.8236561,124.3648848,6.406726893,1,0.25,1,36.12192178
0.896337922,558.6647895,320.2488789,124.1748907,7.43274131,2,0.25,1,33.168123
0.901730078,565.3894167,323.3885124,123.0024863,6.841228275,3,0.25,1,32.70834068
0.903752356,559.13744,322.6373678,122.6385961,6.403575174,4,0.25,1,37.57870999
0.857631289,584.6768915,292.0550633,144.6476909,6.427760612,1,0.25,1,33.97840479
0.857296977,584.8599099,298.0906877,147.9702771,6.583105049,2,0.25,1,28.60920408
0.862738994,587.7973815,291.8673308,147.2291435,7.280923169,3,0.25,1,30.12129983
0.859961184,585.1801228,295.5587427,145.342183,7.296230658,4,0.25,1,34.72870322
0.820715131,607.709219,318.4393221,147.7787877,7.58500299,1,0.25,1,30.1711664
0.816567212,616.3633783,318.3059509,146.6517101,7.130752946,2,0.25,1,27.84139894
0.82282638,613.3575419,315.8110036,147.1024008,6.503849772,3,0.25,1,27.24992191
0.820973495,612.5460347,319.4536276,145.5799934,6.974405325,4,0.25,1,31.39140491
0.791608176,637.0124622,339.6329661,148.0585386,7.417638138,1,0.25,1,43.80060438
0.792078066,640.4151537,344.7925326,147.1961436,7.487411,2,0.25,1,37.80886226
0.787950872,635.2355723,346.801861,145.6391208,7.36006398,3,0.25,1,36.84982499
0.793820325,637.527223,344.2694694,145.8607355,7.525700673,4,0.25,1,45.51831946
0.761384804,658.5716184,419.8099659,123.2799354,7.356293973,1,0.25,1,36.84941522
0.759575349,663.765673,412.738219,123.5188583,6.954895951,2,0.25,1,37.58193817
0.761685415,664.7783383,418.7443225,121.960515,6.857704435,3,0.25,1,37.44963757
0.758562676,657.3905746,415.8870673,122.8479329,7.521711546,4,0.25,1,36.62068384
0.739533302,683.8867138,242.1065135,221.4427154,3.455511796,1,0.25,1,15.19114481
0.736365829,681.8056894,240.8147467,220.1855544,3.67133084,2,0.25,1,15.49888042
0.73925286,685.0573476,240.1209846,220.3992459,3.173345096,3,0.25,1,15.27936494
0.73955901,686.120989,242.664177,218.4877927,4.073534837,4,0.25,1,15.50104276
0.71271998,706.639662,269.9407695,220.3770969,3.925711088,1,0.25,1,15.42168695
0.710665679,713.4792664,266.0953394,219.02152,2.875871735,2,0.25,1,15.84828395
0.709338695,707.3498344,266.5693218,222.0919142,3.213810993,3,0.25,1,15.4383473
0.708523551,714.0835139,270.5892322,222.5931237,3.11604943,4,0.25,1,15.81176491
0.689900922,739.5934892,291.3330043,220.6507079,3.95910018,1,0.25,1,15.20838368
0.690990787,734.5860966,298.4571296,221.9789702,4.093352697,2,0.25,1,15.63070851
0.693452202,730.36396,294.0019079,222.0519287,4.008204257,3,0.25,1,15.47912113
0.687259083,731.1976538,293.3520039,219.1126626,3.853388916,4,0.25,1,15.77936243
0.661536674,758.540722,317.4273168,220.645144,2.958323952,1,0.25,1,16.38949072
0.656897285,757.97071,322.1156569,221.0174796,3.598511653,2,0.25,1,16.27077038
0.657590542,760.039229,316.3902094,220.2143201,3.482836181,3,0.25,1,16.38994783
0.658827652,758.3226586,320.0762112,221.5779445,3.547033228,4,0.25,1,16.19151046
0.643838246,783.5260216,338.2008285,222.456817,3.92045483,1,0.25,1,21.12957942
0.63851216,785.0439114,346.1648211,220.0872445,3.902513082,2,0.25,1,21.19105992
0.64100811,784.3641862,342.6311545,221.6780205,3.220412153,3,0.25,1,21.09058848
0.643647732,780.0448812,344.5351742,222.3060483,3.231035008,4,0.25,1,21.07905572
0.617689173,813.3623677,363.232711,222.2901422,4.189200007,1,0.25,1,15.7718431
0.618135717,804.5626851,365.9215665,221.310886,3.41195547,2,0.25,1,15.95168878
0.619698507,812.4266221,371.1019734,219.2223169,3.419774126,3,0.25,1,15.77083514
0.621241377,808.2744851,367.4880882,219.8722401,3.143173591,4,0.25,1,15.7580097
0.982080612,516.0668499,297.8365832,109.6355278,7.476316201,1,0.25,2,29.61884058
0.979603684,511.9508758,298.4406782,108.346722,6.303763342,2,0.25,2,29.68834508
0.981214148,517.8406557,293.2210513,109.005001,6.925595805,3,0.25,2,30.18148538
0.979549147,509.9731674,292.3933854,111.6480595,7.399321912,4,0.25,2,30.01941108
0.897656081,560.4348183,314.5990163,124.3140086,6.691569728,1,0.25,2,35.56072708
0.897389008,559.3641823,320.6087622,121.7375691,6.473062247,2,0.25,2,32.63830021
0.89822465,561.200809,322.1869809,120.0575237,7.006521541,3,0.25,2,32.77011382
0.897696405,565.9509609,322.4750661,121.7975569,6.44300148,4,0.25,2,37.71968753
0.859293894,583.8892043,293.9487902,148.0636244,7.042111745,1,0.25,2,33.37192652
0.859680033,584.2639309,289.4590412,146.3614617,7.598757311,2,0.25,2,27.89080177
0.862027458,584.6399488,291.0843051,148.7173772,7.426167686,3,0.25,2,29.89935527
0.860866068,592.5865794,291.1199928,148.0454951,7.275576453,4,0.25,2,34.51805522
0.822699957,608.670044,320.9842522,146.9543521,6.45786285,1,0.25,2,28.26962967
0.821246603,615.7351515,319.0053443,149.0831855,7.411470005,2,0.25,2,26.9588425
0.821739677,612.9750548,319.652981,148.1554985,7.43914694,3,0.25,2,26.72033788
0.823361177,611.2342349,315.706699,149.2974278,7.51585129,4,0.25,2,29.88153412
0.786573485,634.1078022,344.5373678,146.0677894,7.381168397,1,0.25,2,43.86107172
0.790531977,636.6180209,345.5881342,148.2254029,7.411952406,2,0.25,2,37.40947201
0.791539176,637.9253398,346.7164769,149.1013438,6.834944891,3,0.25,2,36.76974852
0.79274469,634.8586609,338.6294152,147.0848094,6.924813844,4,0.25,2,45.9719391
0.761299487,658.1488797,417.0365456,124.1925551,6.761738523,1,0.25,2,36.86868594
0.756780851,664.3027075,413.4276368,122.5074977,7.423085894,2,0.25,2,37.34916928
0.758839588,657.1084678,412.2651216,124.097518,6.414389299,3,0.25,2,37.27866831
0.759991357,664.0854029,419.3634616,123.1305578,6.480999414,4,0.25,2,36.81075358
0.738994666,685.1552541,246.459701,221.461877,3.070796785,1,0.25,2,14.73194537
0.740049072,682.8194991,244.924944,219.3486536,4.042976251,2,0.25,2,15.09997664
0.738660463,682.8161983,245.4010945,222.7678828,2.853567622,3,0.25,2,15.17883094
0.736197116,688.5224035,244.1954664,221.8078809,3.906089201,4,0.25,2,15.44180243
0.711217013,711.9791541,271.515045,220.50989,3.426429262,1,0.25,2,14.90927
0.708558567,706.1526785,273.7392435,218.789343,2.831614685,2,0.25,2,15.40113108
0.713345026,706.6624103,270.5230612,218.1661593,4.023753586,3,0.25,2,14.94066459
0.710640848,714.7126906,266.3821509,219.7752305,3.302532011,4,0.25,2,15.31956606
0.687202624,731.4692867,295.991346,219.0163638,3.465852411,1,0.25,2,15.51922384
0.692304843,734.2121392,293.0789463,220.9078621,3.898657809,2,0.25,2,15.85151117
0.687407146,733.3577833,293.0033164,221.5086014,3.573252242,3,0.25,2,15.65924552
0.693768989,736.3915462,289.8315338,218.2855378,3.055106522,4,0.25,2,15.98875145
0.659663309,759.8534587,316.21367,221.4484603,2.931891285,1,0.25,2,15.8915259
0.659002562,763.3263547,320.6652351,220.2311548,3.453366295,2,0.25,2,15.84922717
0.660118664,763.3921744,317.7434085,222.1157527,4.005022535,3,0.25,2,16.22115993
0.658809261,760.4266572,316.5065902,219.6082037,3.674891899,4,0.25,2,15.8707751
0.642258225,785.7617052,338.6789418,220.9155354,3.050263346,1,0.25,2,20.46926312
0.642749581,781.4511423,339.434365,219.5302219,3.704073629,2,0.25,2,20.55908158
0.64329902,786.1369993,346.4034699,218.6613156,3.882287357,3,0.25,2,20.47917323
0.640232782,785.6948327,339.3089152,218.4078991,4.03514416,4,0.25,2,20.4318735
0.617286712,810.0341983,368.2665438,218.2726802,3.012341526,1,0.25,2,15.32166793
0.618149375,807.8777639,369.1277148,222.8992648,3.554549863,2,0.25,2,15.64154143
0.623907359,812.2361909,368.5832149,222.8529418,3.601276241,3,0.25,2,15.14071855
0.622859307,808.0756793,365.1829592,221.2773456,4.041154725,4,0.25,2,15.30028602
0.97687521,515.7527295,296.1344376,111.3192155,6.97113405,1,0.25,3,29.43102756
0.981560061,517.8150224,291.1442944,110.9041819,6.584731063,2,0.25,3,29.77806624
0.980630139,519.3387517,291.5266497,109.9029456,6.615180476,3,0.25,3,30.09804384
0.983335283,514.8473045,295.6945013,112.4600696,7.182860274,4,0.25,3,30.18824837
0.903907835,561.3130712,315.4733887,121.1433515,6.630991028,1,0.25,3,36.35047701
0.901806403,559.5342067,320.3270529,122.1385454,7.081062771,2,0.25,3,35.10098324
0.902908593,561.2486599,316.713276,123.22317,6.316462265,3,0.25,3,32.83034501
0.901530575,559.2213303,316.1244637,124.0495929,6.807147814,4,0.25,3,32.46091745
0.862420267,583.9378263,297.3418953,144.618485,7.376389754,1,0.25,3,33.51858757
0.860625896,588.2863849,293.3931412,149.3224822,6.459483732,2,0.25,3,32.93155972
0.859795101,589.6347184,293.8923939,145.49329,7.404304497,3,0.25,3,28.3785032
0.862857507,591.7588522,291.194799,145.8094806,7.310830582,4,0.25,3,29.8216661
0.820847239,612.5904061,318.5348027,147.6829675,7.492136671,1,0.25,3,28.76923727
0.821246567,612.597015,314.3563601,149.2029767,6.397751843,2,0.25,3,27.75840251
0.819587307,608.186147,318.1801004,149.1448872,6.727167822,3,0.25,3,26.94814929
0.816528817,608.3861766,316.8375478,148.0434742,7.357468345,4,0.25,3,26.41013332
0.787529115,634.1633241,346.1715806,145.6553822,6.590661527,1,0.25,3,45.12825381
0.789469812,636.6381215,340.5963364,146.475612,7.486815717,2,0.25,3,43.66016635
0.793453799,633.1531365,344.0172371,145.8258918,7.494531317,3,0.25,3,37.76151498
0.790338816,636.0763907,341.491731,145.3882577,6.305498142,4,0.25,3,36.87067958
0.756203785,665.1468241,418.3671117,124.169587,7.193665265,1,0.25,3,36.07002998
0.756378318,663.2791138,417.8882923,120.7514549,7.69755864,2,0.25,3,36.44069326
0.757055264,662.3768792,419.1604341,123.4625983,7.554363851,3,0.25,3,37.27933446
0.756418791,663.7168181,415.8830078,124.3086174,7.551198387,4,0.25,3,37.2910558
0.741346545,690.3244354,248.050616,219.3424445,3.125613821,1,0.25,3,14.4899115
0.740973867,690.0181803,247.9500944,220.854994,3.292925769,2,0.25,3,13.78995549
0.743960166,689.1066807,244.8716148,219.667248,3.646268052,3,0.25,3,14.71819383
0.742104151,688.2443771,246.1890083,220.8018291,3.140938195,4,0.25,3,14.75836607
0.711186759,715.0289714,265.423312,222.5024952,3.177100156,1,0.25,3,14.9188708
0.707095193,713.1781781,270.5378399,221.4889976,3.51682232,2,0.25,3,14.73838056
0.712665385,710.1908247,265.2643534,220.4199449,3.326518392,3,0.25,3,15.57147493
0.710933952,714.6409836,268.865711,222.7990777,4.11913874,4,0.25,3,14.94004778
0.693584094,734.7202438,298.6034435,219.3215705,3.176489174,1,0.25,3,14.92019747
0.686374073,732.0569028,290.4967269,218.5544581,3.801359136,2,0.25,3,14.38173506
0.69123734,733.5729816,290.0716011,218.9168059,3.128601732,3,0.25,3,15.44156
0.693304547,734.8546844,289.9279486,220.3119529,3.215918862,4,0.25,3,15.17003518
0.656874392,763.3670773,323.3930692,220.8699961,3.432827505,1,0.25,3,15.53136318
0.662206589,756.8841686,322.2665763,219.2599596,2.929566388,2,0.25,3,15.79846027
0.659344277,757.1162608,319.2519985,219.6448134,3.776953382,3,0.25,3,16.14108611
0.66365427,762.9677063,322.9735953,222.1192496,3.410446178,4,0.25,3,16.25871945
0.641865485,788.2405135,346.4548255,221.0712125,3.366770728,1,0.25,3,19.86866045
0.637497445,784.2299537,341.8931791,218.1146428,3.477472349,2,0.25,3,20.02951307
0.638873824,782.5332053,346.2066395,219.0611307,3.263067426,3,0.25,3,20.45904176
0.639529894,788.0027045,340.3100276,221.1154569,3.284038603,4,0.25,3,20.27824639
0.623525744,807.481285,366.9554158,221.9633414,4.0264234,1,0.25,3,14.88907512
0.622033948,804.1676007,367.7024808,219.5402315,3.473108286,2,0.25,3,14.95934425
0.619367677,809.0380648,363.4105374,221.1508538,3.317216428,3,0.25,3,14.8895043
0.619633308,807.4244744,364.5958729,221.3564813,3.129423352,4,0.25,3,14.3501711
0.982913554,515.3662573,298.8631132,108.1925216,7.170949332,1,0.25,4,29.60932279
0.978300111,515.9638124,294.7526602,111.0392617,6.611669741,2,0.25,4,29.59030803
0.98339539,516.8992209,290.8865485,107.9953593,6.807153628,3,0.25,4,30.18863442
0.98179875,514.4851206,298.8995242,109.0328969,6.661988065,4,0.25,4,30.12086133
0.899684955,567.4354217,319.3067468,121.0015168,7.528614591,1,0.25,4,32.11956587
0.902864171,563.0479367,320.2780987,120.2161934,7.575406427,2,0.25,4,37.12022895
0.900152281,566.1415695,319.7981505,120.5309654,7.417945464,3,0.25,4,36.16061641
0.898803832,561.5626339,320.6056944,120.1414909,6.838962126,4,0.25,4,33.15805304
0.863082303,590.0593782,296.7911484,149.2426211,7.419762406,1,0.25,4,29.4512423
0.858566844,586.6996688,297.6825664,144.7476576,7.292337242,2,0.25,4,34.19013742
0.858387573,592.1402832,291.1237674,147.5525134,6.367465413,3,0.25,4,33.92879826
0.856138246,584.7205247,293.5912082,149.4529406,6.965360258,4,0.25,4,28.31072047
0.818537448,611.3161091,318.7747253,148.9963858,6.460134151,1,0.25,4,26.30073536
0.821123026,614.7290555,314.6545351,145.1649286,6.579709465,2,0.25,4,29.42966217
0.816521697,609.4566172,318.008358,146.1150744,7.669544879,3,0.25,4,28.76125048
0.818037672,612.1332565,320.2994683,146.4729794,6.644047081,4,0.25,4,27.34129284
0.788488721,639.0141071,345.3148862,149.1273324,7.466001851,1,0.25,4,36.25870668
0.788302709,632.558991,341.6968678,148.5801469,7.292090158,2,0.25,4,45.48024687
0.787847196,638.0232238,343.9516267,149.2650131,6.326568773,3,0.25,4,44.16194424
0.793590849,635.211909,344.4157093,147.1660808,7.246826525,4,0.25,4,37.25867584
0.75655546,662.6004225,418.9689293,122.7337966,6.709976813,1,0.25,4,37.19947129
0.761912572,662.860749,413.5829572,123.5852146,7.210279195,2,0.25,4,36.75881445
0.758984741,663.0206619,414.7706453,121.0724168,6.928927634,3,0.25,4,37.04854203
0.758645034,662.8262419,416.0771916,124.6851812,6.908971127,4,0.25,4,37.51136782
0.743914694,690.7309583,249.3843693,219.8696612,3.288475658,1,0.25,4,14.91914546
0.73994879,688.1223375,248.1624851,222.208061,3.88306841,2,0.25,4,15.23850892
0.739374758,685.4540683,241.141887,222.5526614,2.952626715,3,0.25,4,15.02846433
0.736969616,685.9872403,248.913433,222.3420079,2.876444506,4,0.25,4,15.34923193
0.708144131,709.4507992,267.4340524,219.67025,3.832454829,1,0.25,4,14.6698702
0.707162241,710.735363,271.6449757,218.7895236,3.599605977,2,0.25,4,15.09136207
0.71097648,710.0299518,270.5675177,218.4847934,3.81243637,3,0.25,4,15.19981849
0.706166069,710.6044593,269.7659276,222.460412,3.776927704,4,0.25,4,15.64137935
0.689729955,739.1029135,297.1965079,219.5560263,3.997384845,1,0.25,4,15.36859415
0.686319284,732.8054925,291.9060448,221.453251,3.127887883,2,0.25,4,15.73155457
0.690423042,738.8600731,289.8699745,221.9941861,3.224108168,3,0.25,4,15.8284489
0.692750513,735.2988504,295.7850853,219.2864112,3.479803657,4,0.25,4,16.1301139
0.658411035,762.0919095,318.9816309,219.1417225,2.943122594,1,0.25,4,15.95138494
0.661891741,756.3728879,321.6077877,222.0816798,3.109540541,2,0.25,4,15.58843724
0.657384161,760.2816872,322.0573659,218.6944648,4.117020311,3,0.25,4,16.17079983
0.662205785,757.7267574,318.221157,221.7830834,3.050229976,4,0.25,4,16.14177582
0.638785586,781.8563409,347.8286636,221.9121184,3.668230626,1,0.25,4,19.64839855
0.643441627,779.2783499,347.3074377,218.441271,3.975274116,2,0.25,4,19.7582396
0.643111724,781.0555452,346.2030856,222.5906137,3.456294666,3,0.25,4,20.36884161
0.642220995,782.9994484,345.7062699,220.1117502,3.682848125,4,0.25,4,19.89932696
0.617428786,813.0134373,368.3900744,220.7817822,3.215287779,1,0.25,4,15.40866014
0.618531556,809.9489671,363.3476059,222.8849789,3.775384918,2,0.25,4,15.55892903
0.62308872,806.1368421,368.4551333,221.9733085,3.284605198,3,0.25,4,15.06922711
0.617098754,811.7953043,367.3007805,219.6438625,3.671009343,4,0.25,4,15.38164278
0.97845533,514.2973825,293.9747656,108.4772352,7.289034909,1,0.25,5,29.52995496
0.976565593,517.329344,298.3299409,111.9747684,7.68483148,2,0.25,5,29.76918256
0.97649162,512.9299995,293.9482747,108.6256679,7.259258733,3,0.25,5,30.00036139
0.980060675,519.2011702,292.803796,108.6967705,7.221797294,4,0.25,5,30.1983193
0.901289284,561.2336021,314.477076,122.5461653,6.783628874,1,0.25,5,32.25051765
0.899115888,566.5562658,316.8688186,124.5295974,7.298351078,2,0.25,5,31.99840302
0.903885707,563.1799654,319.0094007,120.8264857,7.314609845,3,0.25,5,37.19196846
0.903692885,564.6083163,314.9670423,124.2357728,7.322137941,4,0.25,5,35.62085832
0.860301897,590.9234039,294.3526722,147.5867066,7.392602881,1,0.25,5,28.02055007
0.856795449,588.6789085,293.9768858,146.5956976,7.608107888,2,0.25,5,29.42973116
0.861984553,588.6183819,298.3821448,148.3434056,6.877156335,3,0.25,5,34.14961145
0.860272591,583.9793122,289.9620068,145.8937076,7.535794928,4,0.25,5,33.4680473
0.823675417,611.4695652,315.9195334,144.6480909,7.044357256,1,0.25,5,26.53088686
0.821354336,608.5193538,320.7683502,146.5756088,6.70979935,2,0.25,5,26.0810962
0.821595784,613.4048146,318.007694,148.6923411,7.422288045,3,0.25,5,29.31035695
0.823033909,612.4175259,322.7155237,148.8255184,7.003980793,4,0.25,5,28.13820098
0.786604603,641.6341771,341.3959298,148.9165627,6.373228472,1,0.25,5,37.54099774
0.792892261,632.1944914,339.8891098,147.72138,7.140537518,2,0.25,5,36.66043231
0.789925032,639.6441175,341.5066034,147.2483723,7.108113175,3,0.25,5,45.28076402
0.791651868,638.7901497,340.683119,144.5759372,6.340816678,4,0.25,5,43.73153981
0.763125982,666.3859745,413.2926008,120.4645699,6.783930617,1,0.25,5,36.92943882
0.759865874,656.9538211,411.810801,124.7249197,7.439003789,2,0.25,5,37.00983196
0.761047865,657.1461829,419.5913505,121.9393315,6.515999329,3,0.25,5,35.72954065
0.75666403,663.1558356,420.9307241,121.2245389,6.345454008,4,0.25,5,36.15184732
0.740672953,685.0015839,249.1591745,218.8232192,3.872639612,1,0.25,5,14.48012706
0.741347728,685.0475088,249.6455728,220.837988,3.823486954,2,0.25,5,14.58184041
0.73640816,683.0692768,244.8072385,219.9655435,2.987400818,3,0.25,5,14.81026091
0.741918911,689.6370844,245.8113799,221.1231038,3.140465997,4,0.25,5,14.02907663
0.70639897,715.2643789,267.3190185,219.357894,3.449261525,1,0.25,5,15.27117224
0.710638217,706.2381215,267.5493153,218.1220683,3.354854018,2,0.25,5,14.70939455
0.710983255,708.250782,266.8581143,218.5384938,3.064776733,3,0.25,5,15.23068794
0.706109144,710.3638573,272.2753098,218.602025,4.106923355,4,0.25,5,14.97091369
0.68789273,738.5246964,289.4131386,221.313315,3.937505727,1,0.25,5,15.13893423
0.688195993,738.7663425,297.0446725,220.7003156,2.92476447,2,0.25,5,14.96986639
0.688716794,734.2940915,290.7569953,221.4318493,4.154975002,3,0.25,5,15.22050904
0.687097111,738.0568311,296.1939502,221.6074036,4.017597545,4,0.25,5,14.59986007
0.658304019,757.2372888,316.8094112,218.2574715,3.95002326,1,0.25,5,15.82950003
0.656297229,757.7014788,322.2169745,220.8430026,2.993220669,2,0.25,5,16.02953028
0.661678299,760.2582753,322.3558494,218.2971837,3.947029096,3,0.25,5,15.79994972
0.662542522,758.333353,319.4248637,220.4761577,2.825352392,4,0.25,5,16.05949106
0.638129869,783.9713209,343.0839797,219.7485127,2.828242574,1,0.25,5,20.13151686
0.637889583,780.9728652,342.482742,219.3755192,3.315253417,2,0.25,5,20.0117296
0.643073739,782.7746359,340.9607533,221.4823885,3.211152487,3,0.25,5,20.18909373
0.643203916,787.4921946,346.5081711,218.813187,3.968092174,4,0.25,5,20.29101952
0.621386778,806.6324176,368.4808653,220.7953297,3.459832651,1,0.25,5,15.18807743
0.620713613,804.7699478,364.838948,222.8148547,3.474452204,2,0.25,5,14.61195274
0.617676581,812.9445486,366.3869392,221.1147467,4.075775547,3,0.25,5,14.61106122
0.616014622,807.5166411,367.8523541,220.1584509,3.777433869,4,0.25,5,14.74849604
0.976956171,516.3127581,293.7958143,108.7625525,6.313709665,1,0.4,1,33.37198194
0.978042263,517.0948028,298.1413069,112.3515412,7.19072306,2,0.4,1,33.33845457
0.981011133,510.6236156,291.679446,112.2682491,7.517463324,3,0.4,1,32.83188237
0.978954635,511.1662072,295.2783205,112.6385202,6.64450149,4,0.4,1,33.04007375
0.900930132,564.9269203,318.8743726,121.1884931,7.420534578,1,0.4,1,39.27984262
0.902567848,566.50444,320.8503725,120.1885609,6.512910318,2,0.4,1,36.37955333
0.896396592,558.6844917,322.8424969,123.5509817,6.947549473,3,0.4,1,35.9215836
0.902040728,565.8085403,317.205967,123.8980643,7.008779395,4,0.4,1,40.99160477
0.86226941,590.1238031,290.3276833,147.7865671,7.100706592,1,0.4,1,35.99156811
0.85973579,587.1209274,293.0564066,147.2361474,7.082926232,2,0.4,1,30.65991616
0.8613478,587.3929577,297.0514034,149.4304185,7.582575567,3,0.4,1,31.70189222
0.86247201,592.8624473,291.3723408,145.7754843,7.320856422,4,0.4,1,36.73018314
0.817079444,613.5258797,322.5823597,145.6058754,6.835407257,1,0.4,1,31.71151396
0.819574362,616.1143956,317.0603542,148.0340136,6.966669476,2,0.4,1,29.1307761
0.823347257,610.4323396,315.2587928,147.8539975,6.65734622,3,0.4,1,28.98814899
0.81942069,608.3895936,313.8814382,148.8339426,7.233587854,4,0.4,1,33.53900477
0.786454066,634.3268393,343.7903564,147.0317032,7.135495827,1,0.4,1,45.28951852
0.788749773,635.0806721,344.8190601,145.4988309,6.74118444,2,0.4,1,39.07159151
0.789807312,635.3884605,343.1055278,145.7679505,6.636664235,3,0.4,1,38.35189613
0.791902385,640.3816294,339.0236344,146.7454337,6.731018536,4,0.4,1,46.94104548
0.758008752,665.3522941,413.6649584,122.840125,6.319911178,1,0.4,1,39.54830265
0.76306111,663.0264035,420.8536249,122.4862037,6.887321911,2,0.4,1,40.85092238
0.758422796,662.6146828,419.5631667,122.6929924,6.341732027,3,0.4,1,40.63040903
0.763808164,657.0787074,414.1818297,123.7154362,7.653518795,4,0.4,1,39.48057857
0.743841904,687.2128777,243.0308488,221.9020458,4.120267223,1,0.4,1,16.93961487
0.736134586,688.6305752,240.4799141,222.2740713,2.83317784,2,0.4,1,17.24989874
0.737044656,681.1264981,240.8945819,218.0637941,2.895328664,3,0.4,1,17.03171677
0.736265608,684.7668532,242.5340973,218.6112736,3.475820177,4,0.4,1,17.24984064
0.713273145,706.7324376,267.1131257,222.2830116,2.844415215,1,0.4,1,17.09972561
0.707373797,715.3712883,267.6054463,219.0408053,4.153872367,2,0.4,1,17.51189851
0.711316208,714.6034524,266.0530272,221.2137172,2.992260754,3,0.4,1,17.12148008
0.713549991,707.2224634,266.3659952,220.4687643,2.984286929,4,0.4,1,17.47102279
0.693724386,732.5606797,292.7786898,221.6839645,4.067688792,1,0.4,1,16.49928991
0.692063615,739.8514127,296.9305531,220.8074056,3.122465652,2,0.4,1,16.9989996
0.688028697,736.7972451,290.3572985,221.4631751,3.12839352,3,0.4,1,16.86980485
0.687795694,731.8704459,298.837553,222.6624895,3.535951794,4,0.4,1,17.19981508
0.661258385,758.6228694,313.6038371,222.7488745,2.888544721,1,0.4,1,18.14017989
0.662389546,762.2314143,314.4642814,218.3329048,3.300327817,2,0.4,1,18.02903394
0.658076028,764.1529395,322.6573715,218.1782305,3.105432344,3,0.4,1,18.14187189
0.658806557,759.947163,315.4604589,219.7018639,3.998716615,4,0.4,1,17.94870067
0.64174776,782.4412784,346.3073487,222.3792355,2.866445487,1,0.4,1,22.72189332
0.643905867,785.614358,338.8995076,221.203248,3.450245977,2,0.4,1,22.73053762
0.637185508,782.6347906,342.7942071,221.5499987,2.966433065,3,0.4,1,22.71930222
0.642219427,782.1416671,343.8083556,219.7968635,3.188951835,4,0.4,1,22.5319925
0.616981293,806.825291,367.7990819,222.4159114,3.245267182,1,0.4,1,17.20059829
0.616004247,809.1182382,365.6494962,219.1364384,3.340704917,2,0.4,1,17.21114407
0.623775795,806.8401321,370.0517343,219.0012816,4.105666114,3,0.4,1,17.14901461
0.617949572,803.8957947,370.4149758,219.9830266,3.496116474,4,0.4,1,17.19836541
0.976249098,513.9776357,296.4577792,111.5402957,7.004754274,1,0.4,2,32.96027446
0.978473037,509.6757145,292.403238,110.8119049,7.239914799,2,0.4,2,33.13109947
0.98017471,515.0789192,295.650926,108.8165681,7.230537156,3,0.4,2,33.93830574
0.978503128,515.4997407,297.3282752,110.2055023,7.601161366,4,0.4,2,33.78102636
0.899568876,567.1749107,316.6446793,121.6706769,6.446156079,1,0.4,2,38.35162085
0.896562111,559.6643081,315.6190131,123.5522618,6.334177864,2,0.4,2,35.38998107
0.900658545,562.0755574,315.6211946,124.2905389,6.890831118,3,0.4,2,34.94091538
0.897701212,567.9943367,314.9627545,124.8393226,7.258658494,4,0.4,2,40.659725
0.860192429,583.9711987,289.4756006,146.086238,7.206527804,1,0.4,2,35.48198539
0.863280306,589.2558226,292.336929,145.409861,7.011435471,2,0.4,2,30.53029975
0.861343601,591.4957157,298.3664234,145.1704389,7.169473335,3,0.4,2,32.2792956
0.856048163,587.5294216,294.8501056,146.4669618,6.759150435,4,0.4,2,36.8600836
0.823317188,611.244812,318.9813383,145.8784407,6.424168085,1,0.4,2,30.33811604
0.818538097,614.0814539,319.8251033,149.1690725,6.768531076,2,0.4,2,27.92895705
0.819241202,615.914064,314.0380922,145.531059,6.617971523,3,0.4,2,28.95126002
0.820777362,611.7105892,319.5610984,148.9577795,7.277358046,4,0.4,2,32.91925718
0.793208347,637.8240486,345.6285374,146.9487338,6.903876831,1,0.4,2,45.59116086
0.786331596,640.9758495,344.7629366,148.3204297,7.416653962,2,0.4,2,39.40956511
0.79368559,639.851888,345.1918559,148.5837865,6.945355895,3,0.4,2,38.8410816
0.787830677,632.9021971,346.0433052,147.0325994,6.72505542,4,0.4,2,48.02877249
0.763804732,662.6519215,418.0480359,123.4151345,7.557691157,1,0.4,2,39.47860361
0.761999305,656.814248,412.9267206,124.0130247,6.595038877,2,0.4,2,40.39847199
0.761381319,662.3069634,416.3212115,120.3286887,7.114919036,3,0.4,2,40.47045102
0.759887281,663.0202205,419.323775,122.3271526,7.350479265,4,0.4,2,39.69898726
0.741910759,685.3392716,246.0455893,220.8382891,4.032140329,1,0.4,2,16.42913015
0.742111955,684.9121428,246.1604609,218.7861087,4.047289215,2,0.4,2,16.93150345
0.742775209,683.638066,247.8601561,220.3363899,4.067778331,3,0.4,2,16.98908367
0.739754409,684.5127103,246.1251068,220.5791264,3.586738999,4,0.4,2,17.03138909
0.70866647,708.0094008,269.8011175,222.2556084,3.232176893,1,0.4,2,16.77086934
0.707614241,706.2480036,267.9373116,220.6429136,3.188659274,2,0.4,2,17.37063508
0.713254257,710.907831,271.2755718,218.8230775,4.191095462,3,0.4,2,17.2686164
0.712447149,708.5309388,274.0353549,221.9645631,3.228165873,4,0.4,2,17.51038516
0.689552662,733.0696704,293.5472926,222.7245541,3.899487388,1,0.4,2,16.4419958
0.687551688,734.3151926,290.3167877,220.2874741,3.891294891,2,0.4,2,17.01066466
0.691560039,734.3184128,292.8722847,221.3885278,3.277796729,3,0.4,2,17.23083859
0.693590066,730.1736137,293.23499,219.7197539,3.242298348,4,0.4,2,17.22126181
0.657273659,760.8506541,315.4556025,220.3464936,4.174280829,1,0.4,2,17.85163797
0.660122667,762.5028993,315.8711437,220.2841711,3.281870308,2,0.4,2,17.89094064
0.660784014,757.3407203,320.7839221,222.4206721,4.16832446,3,0.4,2,18.359512
0.658133177,755.7644065,318.4766368,222.3610305,3.204541569,4,0.4,2,18.15131189
0.640873665,783.1923486,343.9636923,222.3177226,3.689682891,1,0.4,2,21.71973271
0.643725036,786.0462832,338.5241942,222.2746029,3.373783088,2,0.4,2,22.07051498
0.640418522,781.560752,338.3443494,219.4209805,3.424412432,3,0.4,2,22.08881058
0.641723494,782.4921804,342.8826824,220.2995308,2.989227231,4,0.4,2,21.93102785
0.619944258,804.2059148,366.0799751,218.2146553,3.511330021,1,0.4,2,17.36076517
0.622128687,806.6689269,370.8396183,222.4467561,2.817429693,2,0.4,2,17.37888843
0.61973838,805.760152,371.990103,218.6784541,3.094642326,3,0.4,2,16.86093162
0.620751093,804.302475,371.9013149,222.4290559,3.711558282,4,0.4,2,16.98860294
0.977264667,519.1851869,291.8141361,109.4385386,6.31249885,1,0.4,3,32.77854086
0.982980696,515.412175,296.271459,112.3973076,7.231283996,2,0.4,3,33.24196435
0.976239526,510.3570797,291.5756723,111.1934944,7.525032705,3,0.4,3,33.85839366
0.981025371,510.7531502,297.1374925,111.161929,6.381430816,4,0.4,3,33.99809649
0.903284383,567.3087886,322.4720091,123.6664666,6.490490004,1,0.4,3,37.25922765
0.899596883,562.1211696,322.4047278,121.4062258,6.319461976,2,0.4,3,35.0385965
0.89796197,564.9563034,318.0491176,122.8135757,6.980476755,3,0.4,3,33.8183247
0.903029372,563.8696317,322.899321,120.3350414,7.009448064,4,0.4,3,33.30925517
0.863872224,585.5674241,292.0983839,145.6548348,7.359447456,1,0.4,3,35.22016713
0.861303724,589.4035939,290.0638878,149.0153741,6.611728619,2,0.4,3,34.6998499
0.863209662,583.4363328,292.93867,147.8754879,6.583125871,3,0.4,3,30.10857886
0.863991257,588.319801,296.5463572,145.3255516,7.619544079,4,0.4,3,31.59830447
0.818424427,607.648209,319.2592933,146.3284552,7.685656371,1,0.4,3,32.43185844
0.81897592,612.4483716,317.1654679,145.5417644,6.451385575,2,0.4,3,30.64922975
0.818171204,609.7831646,315.4072331,148.5053975,7.653158142,3,0.4,3,29.76892206
0.816818564,609.5560865,321.2074955,146.4382225,6.666250373,4,0.4,3,29.63822993
0.790282417,637.2192712,340.035067,147.7526839,6.742564811,1,0.4,3,46.44019694
0.786443267,636.0286026,339.3194129,146.3257848,6.848381187,2,0.4,3,44.18157785
0.790649339,640.6481578,344.5337571,147.8307279,6.764332328,3,0.4,3,38.80838568
0.79064338,636.5665154,340.6575053,146.0410121,7.504334474,4,0.4,3,38.23089138
0.763283023,659.9189527,411.9074245,120.2544595,6.393750415,1,0.4,3,38.17041414
0.756855103,658.9110673,420.5154382,120.4133693,6.487187436,2,0.4,3,38.478204
0.757116946,664.0247299,417.9838977,123.1250891,7.568428021,3,0.4,3,39.65905404
0.761183874,665.6112093,417.1818602,123.5279221,7.509633211,4,0.4,3,40.10037837
0.736706981,684.4564375,247.9832877,220.1852255,2.972506893,1,0.4,3,16.07890362
0.740722675,685.4386471,245.8929565,218.5517402,3.633557993,2,0.4,3,15.39092318
0.743733376,688.4407217,245.8719445,218.8992283,3.911224373,3,0.4,3,16.57158117
0.743334842,687.6346196,245.9365791,221.3196089,3.206956909,4,0.4,3,16.59992805
0.706705634,707.1434118,272.7978442,218.4943773,3.55781223,1,0.4,3,16.10917945
0.707520727,708.6912621,267.4169873,219.9878758,3.767004605,2,0.4,3,15.46844258
0.709708857,706.8518835,271.9399202,222.1778834,3.216884889,3,0.4,3,16.69944164
0.706703536,709.9719102,273.7972597,222.2515682,3.950921462,4,0.4,3,16.09919355
0.691753435,736.953761,297.9416125,221.328838,3.088717069,1,0.4,3,16.35025976
0.69214771,739.3875537,295.1725916,222.3245658,3.536666585,2,0.4,3,15.84010796
0.692715288,738.5274418,295.9554207,219.511129,3.725179397,3,0.4,3,16.99190678
0.688616437,733.1002279,289.4750767,222.766065,3.210892739,4,0.4,3,17.01978449
0.663449338,760.2318225,313.6396827,220.9151468,3.17040433,1,0.4,3,17.04125896
0.657963184,761.6696871,314.0990638,220.4345803,3.879342738,2,0.4,3,17.62936341
0.662322505,755.9820798,319.5470305,222.9065882,3.164255366,3,0.4,3,18.10084387
0.656777734,762.3790176,318.8371457,219.9669803,3.583693163,4,0.4,3,18.22101249
0.641244658,780.1226199,346.6966002,219.0183614,2.916888918,1,0.4,3,20.78053743
0.642041884,787.9570478,341.006057,220.2323629,3.64361969,2,0.4,3,20.71942965
0.642796356,780.2756666,347.1688166,219.3211918,3.706264247,3,0.4,3,21.53919231
0.638834094,787.6357504,346.6219567,220.8399308,3.685100555,4,0.4,3,21.52855858
0.620442591,811.9886253,369.8086665,220.1854009,3.040037911,1,0.4,3,16.90126196
0.619943824,809.2337644,367.1512094,219.2911757,3.954945776,2,0.4,3,17.14116282
0.621369049,811.5617685,371.3000237,220.7958966,3.279259653,3,0.4,3,16.56179687
0.621527226,811.3479711,370.6550464,218.4664367,3.70738307,4,0.4,3,16.00022725
0.983788325,515.107761,291.566702,109.7755157,6.574321237,1,0.4,4,32.95119484
0.977916071,519.161698,298.1114377,109.7114405,7.272256491,2,0.4,4,33.06004256
0.980637839,517.0046568,291.0960141,111.5476171,6.885949007,3,0.4,4,33.94922669
0.977923396,511.7313716,292.5489461,110.5399773,7.046215125,4,0.4,4,33.88129991
0.899805617,565.8690886,320.6673234,124.2708138,6.8820661,1,0.4,4,33.9819599
0.897683842,564.3572978,315.0804436,120.0886181,6.496825426,2,0.4,4,39.92020722
0.899465639,565.4855208,317.7467833,120.7449821,7.583098405,3,0.4,4,39.22042157
0.901113629,560.4357688,316.9538378,123.2740847,6.822013866,4,0.4,4,36.09883547
0.860183006,583.365122,293.0587667,146.0364133,7.025926745,1,0.4,4,31.52815161
0.863102347,586.8528868,289.496265,144.9850665,6.392342447,2,0.4,4,36.20153175
0.86058984,588.3799284,294.0106278,144.5706234,7.331465831,3,0.4,4,36.21087907
0.857249863,583.1637896,297.7027311,145.7824595,6.335736981,4,0.4,4,30.99885579
0.819776416,608.4469954,316.4390584,147.6503099,6.626200138,1,0.4,4,28.19886879
0.81957198,610.3892894,314.4006611,147.046868,7.470531433,2,0.4,4,32.34940568
0.817437057,612.971798,323.1377238,146.353409,6.777651292,3,0.4,4,31.13893497
0.81997435,611.4002616,320.7141933,148.5220912,7.375225593,4,0.4,4,28.43171157
0.789650322,635.8940694,340.4243556,147.8918063,6.440594498,1,0.4,4,38.32881271
0.790307059,633.4215569,341.5562028,147.5220253,7.692709182,2,0.4,4,47.58941981
0.790753534,636.2386991,347.8957276,146.4728561,7.380788829,3,0.4,4,46.22905415
0.786819517,639.9644535,343.3455277,147.0073681,7.073780687,4,0.4,4,39.56125948
0.760700955,658.2818713,417.7863192,123.5368878,6.955567006,1,0.4,4,40.35811455
0.762108152,658.3276917,416.5595399,121.271186,7.019979613,2,0.4,4,39.67026938
0.759560475,664.3605206,415.3260486,121.3128688,7.582211331,3,0.4,4,39.8502562
0.762878522,658.5567401,414.3933433,123.0908982,7.688232246,4,0.4,4,40.77013138
0.736867698,688.6755401,244.0302955,218.6783476,3.114977959,1,0.4,4,16.6115445
0.73902613,689.4887765,245.4712291,219.4131067,4.186262862,2,0.4,4,16.73978893
0.736790742,683.2251171,242.3134707,221.0229584,2.830798236,3,0.4,4,16.8985632
0.741153228,689.4925111,249.5311773,219.6341236,3.647380084,4,0.4,4,17.3199757
0.710583662,711.6120208,271.0337386,221.4881201,3.018756556,1,0.4,4,16.84906151
0.71291307,708.4603243,265.8791595,218.1757138,3.460913184,2,0.4,4,17.20113157
0.709071186,713.1053315,273.2650481,218.6402684,2.826548889,3,0.4,4,17.23192671
0.708157447,706.7232783,273.7425378,221.9819533,4.123909857,4,0.4,4,17.73962705
0.686390084,736.3864536,289.4239286,218.5058574,3.061700313,1,0.4,4,16.81133086
0.690413553,734.4969822,297.0295627,218.7209055,3.436805624,2,0.4,4,16.88011618
0.693739386,732.3936334,298.4330262,218.5001175,3.593883311,3,0.4,4,16.89849249
0.687481785,735.5076079,289.307356,222.9109553,3.330298981,4,0.4,4,17.38959716
0.661511787,758.5802682,323.1240438,221.4934118,3.048170582,1,0.4,4,17.86186554
0.660234844,758.7708693,321.7546819,221.3383485,2.859604026,2,0.4,4,17.81920578
0.662190538,763.9349566,321.2350872,221.91701,4.074206277,3,0.4,4,18.36027719
0.662110063,757.7532781,317.4532992,218.6496119,3.909908379,4,0.4,4,18.24091293
0.640112048,779.1376927,340.7277601,219.8378642,3.191383185,1,0.4,4,21.67984206
0.640159592,784.8240768,338.3685812,219.3725158,4.036820771,2,0.4,4,21.53892861
0.639556902,787.6076192,340.3043944,220.3521795,3.71500811,3,0.4,4,22.24909051
0.638556778,785.4519012,339.741036,220.0933166,3.824783246,4,0.4,4,22.48901761
0.623345594,808.1686427,371.6599284,219.9319557,4.022235731,1,0.4,4,17.0981736
0.620376377,810.8610875,371.1978256,220.6908382,3.231205289,2,0.4,4,16.78802227
0.623507043,806.2356376,365.2108348,222.0497661,3.544656226,3,0.4,4,16.57866722
0.618446475,805.267837,363.753416,218.7513574,3.62183762,4,0.4,4,16.78851412
0.983695684,510.7377824,289.1923564,110.4219071,6.537376424,1,0.4,5,32.88182939
0.976789337,512.2565079,298.4080035,110.4306092,7.629435866,2,0.4,5,33.23065005
0.979147225,513.2495261,290.1382835,110.9672904,7.498964854,3,0.4,5,33.75828334
0.977868593,518.8642781,295.827533,111.7702435,6.506262983,4,0.4,5,34.00944328
0.898178718,562.4747101,323.2131589,121.7250277,7.384740759,1,0.4,5,33.93936887
0.903621515,566.2344406,318.7800032,123.7919661,7.114411135,2,0.4,5,33.1387623
0.901583315,561.7369229,315.2147137,120.5125944,7.285439884,3,0.4,5,38.79119082
0.897113796,568.1149321,315.3914911,124.9475449,7.527423847,4,0.4,5,37.26888608
0.861960356,585.7137452,292.3527677,144.7254419,6.770976854,1,0.4,5,29.68917373
0.862971036,586.7375731,291.7548718,148.3245845,7.69074977,2,0.4,5,31.19805782
0.863590403,587.1448498,291.4781012,145.4567223,6.445129533,3,0.4,5,36.26162107
0.857632512,586.7097969,292.7115795,147.8635855,6.372133039,4,0.4,5,35.70873134
0.81607691,616.3376239,322.1383395,149.2123651,6.850658017,1,0.4,5,29.93002041
0.823369539,608.6879431,321.0127121,147.7989693,6.3946018,2,0.4,5,29.56028546
0.818104694,612.3283394,315.2354727,146.2966011,6.353679126,3,0.4,5,33.84069096
0.817300699,614.9146487,322.2278118,149.2921575,6.75552258,4,0.4,5,32.5410077
0.791426051,632.2610287,342.5926783,147.6029688,7.342682263,1,0.4,5,38.55994615
0.7917919,639.4873874,338.4200023,145.9343537,6.807224534,2,0.4,5,37.70181299
0.78918755,633.5576943,345.3583796,145.491948,7.5615013,3,0.4,5,47.00825752
0.787340663,634.2250741,343.5682998,147.455391,7.426461116,4,0.4,5,44.87013587
0.756221494,660.4868055,412.4231364,124.1382239,7.565213811,1,0.4,5,39.36829512
0.762471131,665.4266608,417.525459,123.3261248,7.031736155,2,0.4,5,39.79935841
0.762801173,661.9579668,416.8870898,122.9579516,7.66445421,3,0.4,5,37.79063205
0.76060855,662.6089997,412.5037922,122.8958285,6.837960189,4,0.4,5,38.17815856
0.736110141,686.8595383,244.2382628,219.7051248,3.433516331,1,0.4,5,16.68931852
0.743534113,681.8987403,242.7017562,221.5684638,3.834503943,2,0.4,5,16.62008387
0.74253291,689.4469675,247.2491937,222.6913089,3.868282806,3,0.4,5,16.93994574
0.742062183,687.1661053,248.0354851,221.7962927,3.867177721,4,0.4,5,16.69908424
0.71313863,712.1748823,269.7397519,218.694655,2.99411667,1,0.4,5,15.59023211
0.707347665,709.7958157,267.6109726,220.478549,3.504357737,2,0.4,5,14.5811127
0.71022529,706.3857076,269.1721509,218.5014118,2.971199948,3,0.4,5,15.3288963
0.708990621,708.47833,267.5092163,218.786448,2.807993466,4,0.4,5,15.30986022
0.691523367,737.0292153,298.788267,222.9053428,3.863238987,1,0.4,5,16.62815215
0.689690508,731.8319086,291.1657255,218.938509,3.590322181,2,0.4,5,15.87120959
0.687389738,736.8136081,295.2351338,218.2153331,4.186997146,3,0.4,5,16.54173842
0.688561454,732.7734861,294.3926802,221.6697275,3.754305516,4,0.4,5,16.74038298
0.657937995,758.2806881,323.1212271,218.7745168,3.778044678,1,0.4,5,17.63931084
0.661977729,762.096444,315.9054036,219.8164184,3.214017908,2,0.4,5,17.78934198
0.66035491,760.6903511,315.0422127,219.7827859,3.997407566,3,0.4,5,17.54999867
0.660352381,755.5648254,314.4210283,222.3184477,3.976442278,4,0.4,5,18.05927367
0.6399393,785.3454431,342.7439807,221.4288024,4.156248848,1,0.4,5,20.82030355
0.637506886,780.9890809,340.4871333,218.641707,3.853941617,2,0.4,5,20.20836223
0.641756754,781.3996518,340.1673522,220.8208692,3.186650634,3,0.4,5,20.70804401
0.638110992,781.2246305,345.0514691,221.1731538,3.733686726,4,0.4,5,21.39857274
0.621155483,808.6637709,367.8088988,218.1557693,3.977739888,1,0.4,5,16.87838517
0.622014661,806.3105379,362.8583196,219.7480708,3.768938735,2,0.4,5,17.11193992
0.618706457,804.4092741,369.604539,222.6846402,3.934317876,3,0.4,5,16.61148531
0.618783582,806.219117,364.3969537,221.2243755,3.732555397,4,0.4,5,16.02915921
